Model,SMILES,Norm_SAScore,Norm_SCScore,Norm_RAScore,Norm_SYBA,Norm_Bertz,Norm_Barone,Norm_Bottcher,Norm_Spacial
MolDQN-MLP,[B]n1c(C=C2C=CC=N2)ccc1NN,0.6389376272307881,0.5150428545578953,0.0001065137403202,0.5402921995123567,79.10865207455575,119.76223776223776,146.85639240194234,139.35437881873727
MolDQN-MLP,C=c1c(CC)nc2c(C)c3c4c1c2n3BO4,0.4953816217301141,0.2127495604310687,0.3574422001838684,0.6520272973604091,539.858764390639,434.1328671328671,443.7900242282303,239.050916496945
MolDQN-MLP,CNC12NOOC1C(C)=C(O)c1[nH]c3c(O)cn(B(F)F)c3c12,0.4865340690655723,0.0953849136485707,2.7824755761685083e-06,0.4934684150162908,633.9093074772459,643.7132867132867,781.5692334999644,1000.0
MolDQN-MLP,C#CC1=C(C)C(=Cc2cccn2C=O)N=C1C,0.688214460537447,0.4750813337700615,0.0099260574206709,0.638664654463359,325.1569234508963,294.4125874125874,199.76212830244404,257.3625254582485
MolDQN-MLP,Cn1cccc1C=Cc1occ[n+]1C,0.7064230118461727,0.7847138358301424,0.9094370007514954,0.7754710078459448,72.76239117393078,105.7902097902098,260.1738472806332,39.65784114052953
MolDQN-MLP,NC1=C(F)C2=Cc3cccn3[B][N+]2=C1,0.5566945503077112,0.4258678691336341,0.7026719450950623,0.5895461060825749,201.7050421374581,259.4825174825175,391.76023959754383,273.6395112016293
MolDQN-MLP,FBn1cccc1C=C1N=C2CCC3=CC1=C2C3,0.5148488138185796,0.3116025754997552,1.3522057997761294e-06,0.5374387374389389,395.0828932143876,469.06293706293707,295.58037229890385,489.3095723014257
MolDQN-MLP,NNC1=[N+]2[B]n3cccc3C=C2C=C1,0.5469673645666231,0.4558540117643123,0.99954092502594,0.6317264218381563,164.45681523056143,238.52447552447552,332.536631518884,245.1547861507128
MolDQN-MLP,NC1(O)C=CC=Cc2cccn2[B]N1,0.5132053208726399,0.5896088095207197,0.2967392802238464,0.5220588856912486,37.08844774823565,133.73426573426573,276.6704078864561,487.2749490835031
MolDQN-MLP,N#COc1ccc(C=C2CC=C=N2)n1B(N)N,0.5156630080006219,0.476649822990666,0.0006033708923496,0.4518438780857963,265.4706631367733,280.44055944055947,324.79396931882593,188.18533604887983
MolDQN-MLP,FB(F)[N+]1=CC=CC1=Cc1[nH]c2cc1ON2,0.4540565984455252,0.4591086839809555,0.0006665514665655,0.550421738399316,231.08733888090808,315.3706293706294,445.2860730891448,267.53564154786153
MolDQN-MLP,Cc1ccc2c(NO)c3c(n12)=C=CC=C3,0.6372092599063028,0.465913777344334,0.0023681204766035,0.3907564056816804,390.6805120499306,308.3846153846154,256.9360505541349,145.4582484725051
MolDQN-MLP,Cn1cccc1C=CC1=C2CCC(=C1)C2=N,0.6216890399170973,0.3801729849874657,0.4328002035617828,0.5751970023059342,256.9068665110234,287.42657342657344,186.696337972722,338.7474541751527
MolDQN-MLP,C#CC=Cc1ccn2cnccc12,0.7293774546773819,0.52460525237349,0.9999901056289672,0.698706283658049,171.16898471394842,133.73426573426573,117.07979868297392,1.0
MolDQN-MLP,C#Cn1ccc(OO)c1C=CC=C(C=C)C=N,0.5912043132379379,0.4838014231348784,0.0309263225644826,0.413859803566425,196.75618940941467,168.66433566433568,230.6787519111882,51.865580448065174
MolDQN-MLP,C#Cn1cccc1C(C#N)=C1C=C(N)C=N1,0.6356864087219802,0.544008505462618,0.0005108377663418,0.6061998431862828,316.571422558839,301.3986013986014,232.91048281002017,178.01221995926682
MolDQN-MLP,CC=CC(C)=Cc1cccn1B(F)CO,0.6432607979315222,0.5298699382804064,0.0257391277700662,0.6399997068809365,23.3480649392547,7.986013986013986,252.57373507198363,43.72708757637474
MolDQN-MLP,C[C+]1C=C(C=C(C=CO)[N+](=Cc2cc[nH]c2OO)[B-](F)F)C2=CC=CC=[N+][B-](F)(F)[N+]C2=C1,0.37457213274659,0.2217691705836393,5.499557406696276e-12,0.4193783884996593,1000.0,1000.0,1000.0,888.0957230142566
MolDQN-MLP,Cc1cc(C=C2C=CC=[N+]2B(F)F)n(C)c1,0.610542127447699,0.2508663411054824,0.3209677040576935,0.6365300264379066,186.61564292183743,189.6223776223776,296.19320483448666,214.63543788187377
MolDQN-MLP,NNc1ccc2n1[B][N+]1=C(N)C=CC1=C2,0.5565663260959273,0.4382842145438196,0.0022540285717695,0.613024850395616,217.97689487606672,287.42657342657344,377.962029012505,269.5702647657841
MolDQN-MLP,Cn1c2cc(c1N)N(N)C(C1C(N)=C(N)N3N=NNC=C3C1O)=C2,0.432621672230335,0.2214443154058032,1.6654174705976743e-09,0.4169525815356343,633.0725328820795,720.5594405594406,737.1500879160446,985.7576374745418
MolDQN-MLP,CC(=C1C=CC=N1)c1cccn1C=N,0.6732914733846342,0.48555211042561,8.622326276963577e-05,0.5149445143534566,103.19307938860273,126.74825174825176,99.88320161542984,139.35437881873727
MolDQN-MLP,CSC(=C1C=CC=N1)c1cccn1B(F)F,0.6344607676963392,0.4167217755796162,6.184650555951521e-05,0.589539880955514,141.64414459221038,175.65034965034965,252.73930912399575,192.25458248472503
MolDQN-MLP,[B]n1cc(F)c(F)c1C(O)=C(CC)N(CO)C12C=CC(OO1)N2N,0.4022846738441057,0.3516616551361339,1.2164846339146608e-05,0.4767388821493158,476.9080746125409,517.965034965035,869.1567408585581,993.8961303462322
MolDQN-MLP,Nc1[n-]c(C=C2C=CC=N2)c(O)c1OO,0.5914900930266709,0.5332913342341314,0.1279239505529403,0.4705980431032838,134.32089812794823,182.63636363636363,201.79648907732565,163.76985743380857
MolDQN-MLP,CCN=C1Cn2c3c1c(c2C(O)=NC=C=O)C#C3,0.4160988283202438,0.2917999972603697,0.0159809719771146,0.4277943033794201,469.9676342932141,469.06293706293707,373.69001348284127,257.3625254582485
MolDQN-MLP,Nc1c(O)cn2c3c(cc12)C=CC=C=3,0.6030791656923264,0.4271910461869007,0.0094182509928941,0.3937170100016843,371.5238218996756,287.42657342657344,224.80487643399968,125.11201629327904
MolDQN-MLP,NC1=C(N)C(=Cc2cccn2C=O)N=C1,0.6700435728801508,0.6313141218183571,0.00036698099575,0.5738289204747458,180.46763388420575,182.63636363636363,239.02313208705417,202.42769857433808
MolDQN-MLP,CNc1c(N=O)[nH]c(C=C2C(N)=CC=[N+]2B(N)F)c1N,0.5528572193154813,0.2969250715745372,0.0001009082843665,0.5763732491470701,376.13947556981896,399.2027972027972,654.1527090483298,314.33197556008145
MolDQN-MLP,N=NCSC1=C2C=CC=[N+]2B(F)n2cccc21,0.5390907356301352,0.4346044209267327,6.495905836345628e-05,0.5587172456547267,284.4933166038885,343.31468531468533,552.5705696904585,338.7474541751527
MolDQN-MLP,NNC1=[N+]2[B]n3c(cc(ON)c3O)C=C2C(F)=C1F,0.5464343711665725,0.3369785219822665,4.7768285185156856e-06,0.563508210402287,417.21568610322,462.0769230769231,696.8013863952929,405.8900203665988
MolDQN-MLP,[B]n1c(C=CC=CC=N)ccc1NC,0.61792924458779,0.5058453563243754,0.0003280421369709,0.5348970461811506,14.426887979497176,1.0,154.28191067628038,5.069246435845214
MolDQN-MLP,C=Cn1cccc1C=C1C=CC(O)=N1,0.6629537810769419,0.460895654907285,0.5310605764389038,0.5750228860077568,124.62080069042408,126.74825174825176,119.86074964772892,157.66598778004072
MolDQN-MLP,FBn1cccc1C=C1C=CC=N1,0.6266159162158433,0.5946616554205686,0.0767607614398002,0.5766646748273726,30.579107918348363,70.86013986013987,129.90373951228472,114.938900203666
MolDQN-MLP,Cc1cc2c(ccn2BF)c(C)c1C,0.7188884369473872,0.4613752069629169,0.9999961853027344,0.7449521868103024,173.06010152449613,133.73426573426573,145.77195644840185,60.004073319755605
MolDQN-MLP,C=C=C(N=N)C(=Cc1ccc(O)n1CN)N=CC,0.5891909599935723,0.4043136691898351,1.4255740552471252e-06,0.4088888435377338,248.9376210316365,203.59440559440557,214.5178184560743,88.4887983706721
MolDQN-MLP,C#CC(=C1C=CC=N1)c1c2ccn1c(C)c2,0.611617133562582,0.2521610449199715,0.0003106783260591,0.598790134718964,394.7540525412291,357.28671328671334,184.36111820993605,239.050916496945
MolDQN-MLP,Cn1cccc1C=C1C=CC(O)=N1,0.7187199538567233,0.4296817614749364,0.9935530424118042,0.6801871662481443,74.36877753432212,84.83216783216784,77.49723407251184,143.42362525458248
MolDQN-MLP,C#Cc1ccc2n1[B-](F)(F)[N+]1=C(C)C(C)=C(O)C1=C2,0.6016326714334246,0.4625293627124411,0.0537047274410724,0.6132969135160298,505.1882752160873,503.99300699300704,523.0954226810518,525.9327902240326
MolDQN-MLP,Cc1cc[n-]c1C=C1C=CC=N1,0.5951800707104844,0.6619382502292653,0.8274701833724976,0.5611590217578805,1.0,49.9020979020979,1.0,98.66191446028512
MolDQN-MLP,NC1=NC(=Cc2cccn2B(F)F)C=C1,0.6403223274589054,0.424297127214098,0.2402879446744918,0.6222284294379427,137.49916547539362,154.6923076923077,172.75514344327448,186.1507128309572
MolDQN-MLP,C=CBn1cccc1C=C1C=CC(N)=N1,0.6032174888866251,0.4359992450064682,0.9966365098953248,0.6084643125104647,145.49873627746703,154.6923076923077,198.84477335673375,173.9429735234216
MolDQN-MLP,OC1=CC2=Cc3cc(O)cn3B(F)[N+]2=C1,0.5393695802061582,0.4203445625342791,0.0133139798417687,0.6073435229526818,245.7317447585638,294.4125874125874,475.97426365412497,298.05498981670064
MolDQN-MLP,NC1=CC=Cc2cccn2CC=C1N,0.6343322432824834,0.5374014905745419,0.8001664876937866,0.4878202021576899,88.66912121897441,161.67832167832168,167.0506915223567,206.49694501018328
MolDQN-MLP,COc1cc2n(c1)[B-](F)(F)[N+]1=CC=CC1=C2SC,0.6167860808726933,0.4442134560909171,4.858736792812124e-05,0.6110969910326838,340.6923643467693,385.2307692307692,550.4208723397238,470.99796334012217
MolDQN-MLP,CC1=[N+]2C(=C(S)c3cc(O)cn3[B-]2(F)F)C=C1,0.5729223307430968,0.4568742552340379,0.0025060519110411,0.59550188578714,355.6439291779283,385.2307692307692,503.8023796505679,475.0672097759674
MolDQN-MLP,CC(N)n1cccc1C=C1N=CC=C1NO,0.6310089734916242,0.4284161953527413,9.229649435837928e-07,0.5476479441355371,148.2503127665853,168.66433566433568,234.1250333214116,277.70875763747455
MolDQN-MLP,C=CC1=Cc2cccn2[B-](F)(F)[N+]1=CO,0.5461309667870569,0.5674162143163328,0.8290518522262573,0.5931808008785541,158.64488220834636,182.63636363636363,352.9871241687065,300.0896130346232
MolDQN-MLP,OCC(=C1C=CC=N1)c1cc2c#cn1c2,0.4822463135792902,0.4092373962369634,0.0103753460571169,0.4640056506165738,266.6890646128568,315.3706293706294,172.97631143152188,216.67006109979636
MolDQN-MLP,CC(=Cc1cccn1B(F)C=CO)N=C1C=CC=CC1=N,0.5953908363216756,0.4015585109600221,2.305038826477812e-09,0.4615052137632029,422.90776157663913,392.2167832167832,489.15388360388295,308.22810590631366
MolDQN-RF,C1#CCn2cccc2C=CC=C1,0.5504283741858671,0.5419831539707509,0.9999997615814208,0.3995713812379567,227.94003416256385,429.1428571428571,298.80862050064104,352.76056338028167
MolDQN-RF,CC=CC=Cc1ccc(C)n1CC,0.7759370363238056,0.5154100390182226,0.9998457431793212,0.6247368062249614,126.10568124301172,143.7142857142857,297.16728625111045,160.46478873239437
MolDQN-RF,Cn1cc(N)cc1C=CC=CC=N,0.6998250705118398,0.5356253889066198,0.4832417070865631,0.5582944788911726,170.62505736089838,198.6043956043956,387.95133682165914,132.32394366197184
MolDQN-RF,C1=CCn2cccc2C=C1,0.72188511310443,0.6835486931596444,0.9999902248382568,0.511648150961049,69.37460525926636,187.62637362637363,221.53527117126708,277.71830985915494
MolDQN-RF,C=CC=Cc1cccn1C=N,0.6715959924103161,0.5682425634478742,0.999875783920288,0.5136178624604975,73.6981549622951,77.84615384615385,244.78383339527255,33.83098591549296
MolDQN-RF,C=CC=Cc1cccn1C,0.7740188493681663,0.5711839393941897,1.0,0.632324129958514,14.938841074555516,1.0,162.75959204947137,1.0
MolDQN-RF,C=C=CC=Cc1cc2ccn1c2,0.5354436139404266,0.5165973816632037,0.978593111038208,0.5166711057668703,317.7136213259873,341.31868131868134,309.2884562915784,212.05633802816905
MolDQN-RF,[B]NC(C=CC=Cc1cc(F)c[nH]1)NN,0.557608188931846,0.3962909851564823,0.00149233546108,0.577251297068854,168.46607822732,286.4285714285714,525.5906757146669,418.4225352112676
MolDQN-RF,Cn1ccc(N)c1C=CC=Cc1c(N)ccn1C,0.7087494654880777,0.6260770817968029,0.9999997615814208,0.6646966514438885,416.26087569013976,637.7252747252746,217.35324323078103,437.18309859154925
MolDQN-RF,OCC=CC=Cc1cc2ccn1c2O,0.6448966649662247,0.4352168614162907,0.6100810170173645,0.6110026347089411,357.9051369259212,407.1868131868132,503.2924967397787,348.07042253521126
MolDQN-RF,C=CC=Cc1cccn1CCCCCCCCC,0.8264629802809773,0.4802795150927944,0.9999994039535522,0.7519340608185697,172.4480338802436,264.4725274725275,413.89797736993694,451.2535211267606
MolDQN-RF,N=Cc1cc(N)c2n1CC=CC=C2,0.6540193301560995,0.4837395836797108,0.0761410295963287,0.4117854818285282,249.17385079209993,407.1868131868132,473.2425205676744,427.8028169014085
MolDQN-RF,OB(O)n1c2ccc1cc2,0.614741953037669,0.8982548442056447,0.9994699358940125,0.6823450737621062,74.34089198823422,176.64835164835165,55.35757423133375,99.49295774647888
MolDQN-RF,Cc1c2ccn1cc2,0.716249724928242,0.7532703298725609,1.0,0.7343352904389806,1.0,66.86813186813187,1.0,1.0
MolDQN-RF,N=c1cnc2cc(C=C3C=CC=N3)n1c2,0.5691889709219478,0.3685871373920879,2.532728649384808e-05,0.4870263060465057,607.5239781963984,714.5714285714286,635.7440874252519,671.6901408450705
MolDQN-RF,C#Cn1cccc1C=C1C=CC=N1,0.6753912198595682,0.582066851776686,0.1863058358430862,0.5554930481885542,292.42202330553357,429.1428571428571,356.3218158263834,394.97183098591546
MolDQN-RF,C=Cn1c(C)ccc1C=C1C=CC=N1,0.7001103195384804,0.6295898282822588,1.863705983851105e-05,0.5053630215253847,301.5532746625512,429.1428571428571,401.7925334283165,479.39436619718305
MolDQN-RF,Cn1cccc1C=C1C=CC(N=N)=[N+]1B(F)F,0.599875671666743,0.4648701330037531,0.0259424783289432,0.6895756225927815,471.4296551277397,626.7472527472528,697.5414345880126,732.661971830986
MolDQN-RF,C=Cn1cccc1C=C1C=CC=N1,0.7002191550822402,0.6263324890131031,0.0054951813071966,0.5241145089386247,241.44367028391957,363.27472527472526,345.4788556808169,418.4225352112676
MolDQN-RF,C=C(C)n1cccc1C=C1C=CC(N)=[N+]1B(F)F,0.6021730636042473,0.4613751625946212,0.3876340091228485,0.6598234834590023,531.8978201080644,681.6373626373627,851.4450967745983,788.9436619718309
MolDQN-RF,C=Cn1cccc1C=C1C=CC=[N+]1B(F)F,0.5885103403459119,0.4705729970906018,0.143700361251831,0.6063782462218105,403.6767921355627,538.9230769230769,726.0490148465303,624.7887323943662
MolDQN-RF,On1cccc1C=C1C=CC=N1,0.7140904003808142,0.592281019957073,0.0032939373049885,0.5463973386897255,189.8189906230802,308.3846153846154,343.3091493939153,380.9014084507042
MolDQN-RF,C1=CC(=Cc2ccc[n-]2)N=C1,0.5753566059902846,0.6460368410718416,0.6554483771324158,0.5646222563098107,103.95188594417432,253.4945054945055,212.69676962986077,324.6197183098592
MolDQN-RF,Cn1cccc1C=C1C=CC=N1,0.761906664117078,0.5631213246086912,0.7437968254089355,0.6292787891790123,182.66517347755692,297.4065934065934,281.0529251011695,385.59154929577466
MolDQN-RF,Cc1cc2ccn1c2C=C1C=CC=N1,0.6515123122457742,0.4358334809683163,0.0425364151597023,0.5869968879570893,470.0313463954729,604.7912087912088,445.2587924260895,638.8591549295775
MolDQN-RF,N=Cn1cccc1C=C1C=CC=[N+]1B(F)F,0.5658645283800998,0.4352640115397376,0.0005716853193007,0.5747136146943911,406.8488753366169,549.901098901099,743.6473256126842,624.7887323943662
MolDQN-RF,C=C(C)n1cccc1C=C1C=CC=N1,0.7116910887692496,0.5496079371671835,0.2849006354808807,0.5419290349511187,301.1793926872036,429.1428571428571,401.7925334283165,479.39436619718305
MolDQN-RF,C=NC(C=CC[N+]B(F)F)=Cc1cccn1C,0.5912966209302455,0.4945995220164026,0.0682781785726547,0.6803058486921328,291.210093103668,374.25274725274727,567.5207844970821,348.07042253521126
MolDQN-RF,Cn1cccc1C=C1C=CC=[N+]1B(F)F,0.6331721443087223,0.5139968908730577,0.5811789631843567,0.7115425264621982,342.51734175709663,473.05494505494505,661.6230842668831,591.9577464788732
MolDQN-RF,C#Cc1c(O)c(OO)n(C)c1C#CC=C,0.6216827303893084,0.3832110413647049,0.8537770509719849,0.5555580167561394,398.76634429936735,484.032967032967,542.6554201137246,188.6056338028169
MolDQN-RF,ONC1C=CC=CC=Cc2cccn21,0.5926935947938408,0.5481967427178611,0.5361813902854919,0.4346445300601566,235.7495832469476,440.1208791208791,457.9488265424987,892.1267605633802
MolDQN-RF,OC1(O)C=CC=Cc2cccn21,0.6824149899089331,0.5796038975353394,0.6359742879867554,0.5349643291289019,173.84897992512052,319.3626373626373,362.41388395552286,643.5492957746478
MolDQN-RF,CCn1cccc1C=C1C=CC=N1,0.7606450660134143,0.5980435035078839,0.7396246194839478,0.6379524954798306,203.41638631134632,330.34065934065933,329.34876843202835,441.8732394366197
MolDQN-RF,CC#CC(N)=c1c(=CN(C(C)C)C(C)C)[nH]c2ccn(B(F)F)c12,0.6123410399412801,0.0895943361946693,0.0048784608952701,0.6147270269885432,1000.0,1000.0,999.899727304208,807.7042253521126
MolDQN-RF,N=C=CC=Cc1cccn1C(=N)C(N)NN,0.5679263239189745,0.4616667621279585,3.621792643571098e-07,0.5066980549377857,312.27621954529144,396.2087912087912,588.0092451209111,437.18309859154925
MolDQN-RF,Cc1cc(O)n2cnc3c(c12)=C(N)CN(C#N)C=3,0.6405236193342316,0.3535624587542857,3.3778043871279806e-05,0.5683612534886471,882.2370244964968,956.0879120879122,1000.0,784.2535211267606
MolDQN-RF,OCn1cccc1C=C1C=CC=[N+]1B(F)F,0.6156016223971938,0.5782805487541661,0.0033336686901748,0.6763811608901178,371.7676292045753,516.967032967033,754.2058537202802,648.2394366197184
MolDQN-RF,Cn1cccc1C=C1C=CC=[N+]1B(N)F,0.6293201296567077,0.4265277733677326,0.0216013956815004,0.7067449350034759,341.36587525512175,473.05494505494505,740.6569522010175,591.9577464788732
MolDQN-RF,[B][N+]1=CC=CC1=Cc1ccc(O)[nH]1,0.5770908478276172,0.635398981166708,0.1616823673248291,0.6138187348076307,277.32661276962983,429.1428571428571,609.6330929943391,484.0845070422535
MolDQN-RF,Cn1cccc1C=C1C=C(N)C=N1,0.717011845748615,0.523055041789086,0.6754703521728516,0.6589413005552547,265.97063216748705,374.25274725274727,384.7630867381038,488.774647887324
MolDQN-RF,Cn1c(O)ccc1C=C1C=CC=[N+]1B(F)F,0.5999428267483982,0.4657031441909331,0.0019724315498024,0.6133344494771085,411.4249207685839,549.901098901099,791.2011941354363,648.2394366197184
MolDQN-RF,Fn1cccc1C=C1C=CC=N1,0.6874147959852097,0.6654644133413155,0.0026239193975925,0.5274444682449856,189.8189906230802,308.3846153846154,345.4572753016824,385.59154929577466
MolDQN-RF,Cn1cccc1C=CC=C=CN=NC(N)=NNOO,0.6002959863320336,0.35874009282617,0.1656176596879959,0.5480319825207355,463.6191274594047,571.8571428571428,563.5060621502757,362.1408450704226
MolDQN-RF,N#Cn1cccc1C=C1C=CC=N1,0.6834936490093657,0.5564463252088202,0.005967796780169,0.5522727887468817,295.5941065065875,440.1208791208791,376.745252321463,394.97183098591546
MolDQN-RF,N#Cn1cccc1C=C1C=CC=[N+]1B(F)F,0.5743865796621512,0.49115334245895,0.0564451925456523,0.6345365260300675,459.60586941322634,615.7692307692308,757.3154114871763,601.3380281690141
MolDQN-RF,CCn1cccc1C=CC=CN,0.7430339944338199,0.550271764617199,0.999595582485199,0.6225596986892169,74.11891664678386,88.82417582417582,288.2500923930453,94.80281690140843
MolDQN-RF,Cc1ccc2n1C(C)C(N)=NC=CC=C2,0.5967478965586328,0.5359586241075007,0.001128549221903,0.4758903572958502,329.8416286974286,538.9230769230769,454.0186016508371,1000.0
MolDQN-RF,Cc1ccc2n1CC=NC=CC=C2,0.6466890342918301,0.5360766925521221,0.008856470696628,0.4184885655010028,225.14514696920733,418.1648351648351,350.21402159839636,488.774647887324
MolDQN-RF,C1=CN=CCn2cccc2C=C1,0.6358963229038159,0.5120084868097945,0.4441770911216736,0.4118083703995653,166.69516277959733,352.2967032967033,293.9003438508966,427.8028169014085
MolDQN-RF,CC=C(N)C=Cc1cccn1C,0.7355508599212737,0.6211200057529713,0.9966292977333068,0.681464261240029,110.13208116107388,121.75824175824177,296.2679268096862,99.49295774647888
MolFinder-MLP,OP[SH](PN1ONN[PH]1C1=CC=C1)[SH]N1PC2=CC(C(F)=[SH][S](Cl)Cl)=CC21Cl,0.8370046559759994,0.0756883905461953,4.641311748994348e-13,0.1496473758804934,668.8099962868795,660.7169811320755,346.3555193876693,431.94117647058823
MolFinder-MLP,N=S(N[SH][SH]1(CP)NN[PH]1C1=CC=C1)N1NPC2=CC(C(F)=[SH][S](F)F)=CC21Cl,0.7853550343053031,0.0426415864355465,1.0339970473940844e-15,0.1508336389033161,868.4947875555397,792.6603773584906,506.94861948500153,598.4411764705882
MolFinder-MLP,C[P](P)(PN1ONN[PH]1C1=CC=C1)N1PC2=CC(C(F)=[SH]S(=N)PO)=CC21Cl,0.9329963826670498,0.0007029872983976,8.995127234213973e-13,0.1419699828845108,832.7973757977423,679.566037735849,525.6159424214252,632.7205882352941
MolFinder-MLP,NO[S](N1ONN[PH]1C1=CC=C1)[N+]1PC2=CC(C(F)=[SH][SH](P)[SH]P)=CC21Cl,0.9866970004256465,0.1464895853741477,3.165848117513137e-13,0.2096089178102297,622.7178475022537,585.3207547169811,498.9480556940751,255.6470588235294
MolFinder-MLP,N=S(PN1ONN[PH]1C1=CC=C1)N1PC2=CC(C(F)=[SH][SH](P)SN)=CC21Cl,1.0,0.1200136506141562,1.0649366727980014e-16,0.0911838188034684,722.5456587964404,641.8679245283018,399.1125922069088,441.7352941176471
MolFinder-MLP,CPCC[SH]1([SH](C)[SH](O)N2PC3=CC(C(F)=[SH][S](F)F)=CC32Cl)NN[PH]1C1=CC=C1,0.8258545005483556,0.0621638817726915,7.927463373247345e-12,0.0630462242236048,854.8271254222012,811.5094339622642,688.1191236289203,1000.0
MolFinder-MLP,CPC[SH]1([SH](CF)[SH](O)N2PC3=CC(C(F)=[SH][S](F)F)=CC32Cl)NN[PH]1C1=CC=C1,0.9475546992084956,0.1373977053064934,6.973423921641242e-11,0.1045805332508867,859.8296612715516,830.3584905660377,796.2936245871674,1000.0
MolFinder-MLP,C[S](P[SH](P)N1ONN[PH]1C1=CC=C1)[SH]=C(F)C1=CC2(Cl)C(=C1)PPN2OF,0.9626241198099836,0.1166279927173354,4.225580302330556e-11,0.092181349974507,667.6719310063959,641.8679245283018,614.7073950214614,549.4705882352941
MolFinder-MLP,N=S(CF)[SH]=C(F)C1=CC2(Cl)C(=C1)PP[N+]2N(N)PPN1ONN[PH]1C1=CC=C1,0.987147221733466,0.0107491010160316,3.808008595951318e-12,0.1732485239709427,809.7611064324325,736.1132075471697,464.0663037848833,573.9558823529411
MolFinder-MLP,N=S(Cl)[SH]=C(F)C1=CC2(Cl)C(=C1)PO[N+]2P(OOP)PN1ONN[PH]1C1=CC=C1,0.905664066262424,0.0430492503793922,2.4812596909843526e-14,0.0988413402119191,822.25709485093,754.9622641509435,772.430041436751,529.8823529411765
MolFinder-MLP,N=S([SH]=C(F)C1=CC2(Cl)C(=C1)PN2O)[SH](O)NPN1ONN[PH]1PC1=CC=C1,0.746381867283022,0.0011611009858392,2.7167221597346192e-11,0.0841097280008807,773.1650114256753,717.2641509433962,409.3439996794476,559.2647058823529
MolFinder-MLP,FON1PPC2=CC(C(F)[S](Br)[SH](OP)N3NPN[PH]3C3=CC=C3)=CC21Cl,0.7338986759098247,0.086258857986301,6.842795427508541e-12,0.1331397089749016,496.7072494851938,396.8301886792453,447.764526308893,745.3529411764706
MolFinder-MLP,N=S(P)[SH]=C(F)C1=CC2(Cl)C(=C1)PN2NN(F)PPN1ONN[PH]1C1=CC=C1,0.8180748325363799,0.0439700937818252,3.820556067693493e-13,0.1054425748129495,767.420772556722,641.8679245283018,413.8138686617934,338.89705882352945
MolFinder-MLP,N=S(CN1ONN[PH]1C1=CC=C1)N1PC2=CC(C(F)=[SH][SH](P)[SH]S)=CC21Cl,0.8538302927809699,0.1948413178728643,4.1500246901826437e-16,0.1412430881008545,719.2172115650924,660.7169811320755,399.3844502173978,382.9705882352941
MolFinder-MLP,N=S(N1PPC2=CC(C(F)=[SH][S](F)F)=CC21Cl)[SH](P)N1ONN[PH]1C1=CC=C1,0.6743807105666982,0.2092236610995606,2.387236153927105e-15,0.145585538925575,808.3659110597212,773.811320754717,394.71411406981065,647.4117647058824
MolFinder-MLP,N=S(NPN1ONN[PH]1C1=CC=C1)[SH](P)N1PC2=CC(C(F)=[SH][S](F)F)=CC21Cl,0.5273775334192141,0.0910419380625831,5.2316590187610756e-14,0.0924795987156736,853.2077204305753,811.5094339622642,512.7412705815802,588.6470588235294
MolFinder-MLP,N=S(P)[SH]=C(F)C1=CC2(Cl)C(=C1)P[N+]2S(=N)CPN1ONN[PH]1C1=CC=C1,0.897393806768359,0.1198445937908003,7.360431708569593e-11,0.1720224977578051,824.1634383618718,641.8679245283018,584.2946618113685,348.69117647058823
MolFinder-MLP,FC(=[SH][S](P)[SH](CP)N1ONN[PH]1C1=CC=C1)C1=CC2(Cl)NPPC2=C1,1.0,0.1019192287992907,1.620095377297126e-11,0.1305137750436363,531.9008101480148,472.2264150943397,134.4855520859955,270.3382352941176
MolFinder-MLP,N=S(Cl)[SH]=C(F)C1=CC2(Cl)C(=C1)P[N+]2(OPSN1ONN[PH]1C1=CC=C1)PCl,1.0,0.0214222728430291,6.29282448372237e-09,0.1969726838797032,816.6818059139744,679.566037735849,899.9281815656243,941.2352941176472
MolFinder-MLP,N=S([SH]=C(F)C1=CC2(Cl)C(=C1)PN2OF)[SH](O)CPN1ONN[PH]1POC1=CC=C1,0.7677647111201815,0.1505547890217173,9.700692474033158e-16,0.0,867.0224842189574,849.2075471698114,792.1271917862532,657.2058823529412
MolFinder-MLP,N=S([SH][SH](PF)N1ONN[PH]1C1=CC=C1)[SH]=C(F)C1=CC2(Cl)C(=C1)PN2OF,0.948254466702861,0.0858507992417227,4.561972761357724e-12,0.0853264009709072,778.0342783524882,754.9622641509435,607.5291164416326,500.5
MolFinder-MLP,FON1PPC2=CC(C(F)=[SH][SH](P)[SH][S](OCl)N3ONN[PH]3C3=CC=C3)=CC21Cl,0.5384188170873787,0.1395076306464093,7.981341587257832e-15,0.0960397584535447,723.207950185669,773.811320754717,660.2007767617,549.4705882352941
MolFinder-MLP,N=[PH](N1PC2=CC(C(F)=[SH][S](F)F)=CC21Cl)[SH](CF)[SH]1(CP)NN[PH]1C1=CC=C1,0.9234424576734092,0.0633496501788091,1.2524593382269404e-15,0.1310914065542023,906.5966598568772,792.6603773584906,699.8703947989729,789.4264705882352
MolFinder-MLP,BN(PN1ONN[PH]1PC1=CC=C1)[SH](O)N1PSC2=CC(C(F)=[SH][S](F)F)=CC21Cl,0.8156713787965452,0.0017711515772509,5.124157608643598e-12,0.1016738096495991,807.1342055297263,830.3584905660377,715.5065358165982,632.7205882352941
MolFinder-MLP,CP[SH](NPN1ONN[PH]1C1=CC=C1)N1PC2=CC(C(F)=[SH]S(=N)F)=CC21Cl,0.9456090447035188,0.0104752899147917,5.420295288993682e-13,0.1135362630635213,767.8359008755036,698.4150943396226,637.1676395799218,559.2647058823529
MolFinder-MLP,O[SH](SNPN1ONN[PH]1C1=CC=C1)[SH](O)N1PC2=CC(C(F)=[SH][S](F)F)=CC21Cl,0.6122078173292334,0.0876787570271515,4.706875080667805e-12,0.1382255637134937,799.140420677761,868.0566037735849,599.3602838126548,740.4558823529412
MolFinder-MLP,N=S(P)[SH]=C(F)C1=CC2(Cl)C(=C1)P[N+]2(OOO)PPN1ONN[PH]1C1=CC=C1,0.6822197302651968,0.1010572944146286,7.599304865935075e-12,0.1530270188616821,811.3007103528338,679.566037735849,498.5357367158284,941.2352941176472
MolFinder-MLP,NO[S](ON(F)N1ONN[PH]1C1=CC=C1)S[SH](F)SNNP1PN[PH]1OO,0.7598977647781248,0.1802935182973106,8.097225112635442e-09,0.2639561827560658,1.0,1.0,16.63043471292854,1.0
MolFinder-MLP,C=[SH][PH]1NN[SH]1(CO)[SH](O)N1PC2=CC(C(F)=[SH][S](F)F)=CC21Cl,1.0,0.1286051133477754,1.166128186014248e-06,0.282269709913631,277.5784351606608,114.09433962264151,113.01062083654745,113.63235294117648
MolFinder-MLP,C[SH]1([SH](NP)[SH](O)N2PC3=CC(C(F)=[SH][S](F)F)=CC32Cl)NN[PH]1C1=CC=C1,0.8182313857209326,0.0569233062735414,9.545612997957642e-13,0.1351500524644635,775.8958814125921,717.2641509433962,555.3330860333906,823.7058823529411
MolFinder-MLP,C=S(N1PPC2=CC(C(F)=[SH][S](F)F)=CC21Cl)[SH](F)[SH]1(C)NN[PH]1C1=CC=C1,1.0,0.1823558410576113,5.435327752115193e-13,0.1831791825125449,869.1827451430446,754.9622641509435,493.7446395974762,906.9558823529412
MolFinder-MLP,N=S([SH]=C(F)C1=CC2(Cl)C(=C1)PPN2SF)[SH](P)N1ONN[PH]1C1=CC=C1,0.7946790096052045,0.1186482640347224,1.7226954238114267e-11,0.1062332181271565,727.4149257232532,679.566037735849,441.4507263214925,559.2647058823529
MolFinder-MLP,CS(=N)[SH]=C(F)C1=CC2(Cl)C(=C1)PN2[SH](O)S(=N)NPN1ONN[PH]1C1=CC=C1,0.8368642742556651,0.0332474821970034,2.9014673151063486e-14,0.1297862296965352,957.3477821574338,886.9056603773586,718.7471959414263,715.9705882352941
MolFinder-MLP,N=S(N1PPC2=CC(C(F)=[SH][S](F)F)=CC21Cl)[SH](NO)[SH]1(N)NN[PH]1C1=CC=C1,0.8243856211031796,0.0042163223251501,3.4219980720725596e-15,0.1684431633444501,930.09837981102,868.0566037735849,449.5256009750674,965.720588235294
MolFinder-MLP,N=S(O)[SH]=C(F)C1=CC2(Cl)C(=C1)PN2[SH](CPN1ONN[PH]1C1=CC=C1)[SH]=S,0.900802631656663,0.0013406028608589,8.982807275521431e-15,0.1218747560705731,840.8573563348313,830.3584905660377,566.3805331019515,495.6029411764706
MolFinder-MLP,N=S(N1PPC2=CC(C(F)=[SH][S](F)F)=CC21Cl)[SH](O)[SH]1(NN)NN[PH]1C1=CC=C1,1.0,0.0722931352352214,3.7471755557707024e-16,0.1687522374826417,919.8480173230668,868.0566037735849,378.288736451522,965.720588235294
MolFinder-MLP,O[SH](N1PC2=CC(C(F)=[SH][S](F)F)=CC21Cl)[SH](S)NPN1ONN[PH]1C1=CC=C1,1.0,0.0942353555527517,5.2486556767483705e-12,0.1269820453751394,751.4522072440726,792.6603773584906,464.8856481169983,681.6911764705883
MolFinder-MLP,C[SH](N1ONN[PH]1C1=CC=C1)S([SH]=C(F)C1=CC2(Cl)C(=C1)PPN2OF)=[SH]F,1.0,0.0740385986518992,9.501005884815504e-12,0.1566022297278013,808.4178960706896,830.3584905660377,446.7491052684296,622.9264705882352
MolFinder-MLP,N=S(PN1ONN[PH]1C1=CC=C1)[SH]=C(F)C1=CC2(Cl)C(=C1)PPN2POF,0.911651330090246,0.0710642613332603,1.1080874173959033e-13,0.1141646329569054,689.9868335214328,585.3207547169811,374.0201849176639,427.0441176470588
MolFinder-MLP,O[SH]([C]1C=C1)=C1P=[SH]1(Cl)S(=P)N1PC2=CC(C(F)=[SH][S](F)F)=CC21Cl,0.2439488644037385,0.3991289254336572,1.5084827484357355e-11,0.208024649357001,938.4386610401328,377.98113207547175,246.24773232545655,162.6029411764706
MolFinder-MLP,N=S(N1ONN[PH]1C1=CC=C1)[N+]1PC2=CC(C(F)=[SH][SH](P)[SH]N)=CC21Cl,1.0,0.0613751512659295,3.259659431265049e-09,0.2026072967888958,676.6205877689889,604.1698113207547,255.24799493642868,324.2058823529412
MolFinder-MLP,O[SH](SCPN1ONN[PH]1C1=CC=C1)[SH](O)N1PC2=CC(C(F)=[SH][S](F)F)=CC21Cl,0.7071328438169702,0.0778528642534548,3.696479233816774e-11,0.1253498781397418,796.0016920784531,849.2075471698114,636.8013580294728,740.4558823529412
MolFinder-MLP,FC(=[SH][S](F)F)C1=CC2(Cl)C(=C1)PN2S[SH][SH][SH]P1SNN[PH]1C1=CC=C1,0.8685172825147036,0.1689735220940789,2.460721848507319e-09,0.2258322281617652,568.4697615324752,566.4716981132075,1.0,270.3382352941176
MolFinder-MLP,OOOOOO[SH](NP=CON(F)N1ONN[PH]1C1=CC=C1)NP1PN[PH]1OO,0.2324858595000961,0.1295173181663416,3.062489064425966e-12,0.2109910643902457,129.7368636489505,189.49056603773587,317.59294033543944,69.55882352941177
MolFinder-MLP,NC[SH][SH](P)[SH]=C(F)C1=CC2(Cl)C(=C1)P[N+]2[S](N)PN1ONN[PH]1C1=CC=C1,0.7912466746886097,0.1232587943592742,1.18424237430248e-12,0.1542583249451429,659.6119504693065,641.8679245283018,536.3004126756297,373.1764705882353
MolFinder-MLP,N=S(O)[SH]=C(F)C1=CC2(Cl)C(=C1)PO[N+]2PPN(O)PN1ONN[PH]1C1=CC=C1,0.9598173969461992,0.0657262910491041,6.988649567905847e-13,0.1796391747123478,817.3878279241173,754.9622641509435,756.356538996298,515.1911764705882
MolFinder-MLP,N=S([SH]N(S)PPN1SN[PH]1C1=CC=C1)[SH]=C(F)C1=CC2(Cl)C(=C1)PN2OF,0.8080534174465585,0.1280811537577171,2.990800662683313e-11,0.1148823822248831,772.6531827913475,641.8679245283018,586.678383945066,280.13235294117646
MolFinder-MLP,N=[S](=N)[SH]=C(F)C1=CC2(Cl)C(=C1)P[N+]2OPPN1ONN[PH]1PC1=CC=C1,0.7733815110874318,0.0406161759643317,1.1539876693111848e-10,0.2013193526162086,803.6107283749968,566.4716981132075,147.50592563374028,128.3235294117647
MolFinder-MLP,C[SH](N1PC2=CC(C(F)=[SH]S(=N)CO)=CC21Cl)S(=N)NPN1ONN[PH]1C1=CC=C1,0.8466969520357736,0.0310249949780527,1.4360064015783822e-15,0.1271010915045458,1000.0,943.4528301886792,861.7646410094949,774.7352941176471
MolFinder-MLP,C=S(N1PC2=CC(C(F)=[SH][S](F)F)=CC21Cl)[SH](F)ON(F)N1ONPN[PH]1C1=CC=C1,1.0,0.0285517321616495,2.877818968370638e-13,0.1568177871630288,985.871569045169,1000.0,1000.0,853.0882352941176
MolFinder-RF,OOOO[S](NF)ON(O)N1ON[PH]1N(O)PN1ONN[PH]1PN1O[PH]1C1=CC=C1,0.9717264885565112,0.0008809422560336,1.4749889677700969e-12,0.3427662228229687,856.9983310357087,789.6842105263158,909.7290633054467,1000.0
MolFinder-RF,OOOO[S](NPF)ON(O)N1ON[PH]1N(O)PN1NPN[PH]1PC1=CC=C1,0.9927817939085732,2.8230286035491048e-05,1.0402914973894896e-08,0.2422124172305607,462.04643039125824,404.10526315789474,344.1293376605156,496.56692913385825
MolFinder-RF,OOO[S](NF)ON(O)N1ON[PH]1N(O)PN1NPPN[PH]1PC1=CC=C1,0.7981561130765695,0.0301805856149706,1.3041943913716378e-10,0.2699445106555662,390.7813367537282,369.05263157894734,259.6934476276046,528.0314960629921
MolFinder-RF,OOO[S](NF)ON(O)N1ON[PH]1N(O)PN1ONN[PH]1PNN1ONN[PH]1C1=CC=C1,0.7875103958458298,0.0170464482779539,2.002119071930781e-15,0.3461419326629628,1000.0,1000.0,1000.0,984.2677165354332
MolFinder-RF,OOOOOO[SH](N=CON(F)N1ONN[PH]1C1=CC=C1)OP1PPN[PH]1OF,0.98918339262611,0.1803265382272849,9.581886672993534e-11,0.2024625949084707,651.4279114534417,614.421052631579,504.995856871945,740.4173228346457
MolFinder-RF,OOOOO[SH](NP1PPN[PH]1OO)N[S](OO)ON(F)N1ONN[PH]1C1=CC=C1,0.6822888246320042,0.2234368288610231,2.2578531115868827e-06,0.274416196433536,610.1002931952207,649.4736842105264,514.015480658565,819.0787401574803
MolFinder-RF,NO[PH]1NPPP1N[SH](ON=CON(F)N1ONN[PH]1C1=CC=C1)OOOOO,1.0,0.2030575756232853,2.5543913650949435e-09,0.2248134296996089,643.3279406581007,614.421052631579,577.066336833936,729.9291338582677
MolFinder-RF,NOO[S](NNP1PN[PH]1OO)OPS[S](ON)ON(F)N1ONN[PH]1C1=CC=C1,0.9764051926772388,0.1810514336970106,3.0764522873649724e-12,0.2245976466614629,611.9945920581129,544.3157894736843,744.9920044934133,638.1574803149606
MolFinder-RF,ON(O[S](N[SH][SH](PSF)SP)OOPOSF)N1ONN[PH]1C1=CC=C1,1.0,0.2257023207344621,1.8217008847590257e-13,0.2227736500334416,171.75051320037957,158.73684210526315,264.7739231270479,63.92913385826772
MolFinder-RF,ON(O[S](N[SH][SH](PSF)SP)OONPF)N1ONN[PH]1C1=CC=C1,1.0,0.1601276961317874,1.631578205874007e-11,0.2065600828709185,100.185393443067,88.63157894736841,164.26021641352074,32.46456692913386
MolFinder-RF,NO[S](ON(F)N1ONN[PH]1C1=CC=C1)SN[S](OO)OP1PPN[PH]1OO,0.8610937581799374,0.1633073678418659,4.7237228018026656e-11,0.2883270431721959,477.76595556780535,439.1578947368421,482.31503637301176,638.1574803149606
MolFinder-RF,NO[S](ON(F)N1ONN[PH]1C1=CC=C1)SONN[S](OO)OP1PPN[PH]1OO,1.0,0.141845814883385,2.0907178766016443e-10,0.252001286257937,620.9932145155027,579.3684210526316,695.0125431233494,701.0866141732283
MolFinder-RF,ON(O[S](N[SH][SH](PSF)SP)OOOPSCl)N1ONN[PH]1C1=CC=C1,0.97249805344747,0.2544153048031772,1.2185590806800678e-13,0.1986573606163266,180.7491356577687,158.73684210526315,217.73263310640783,63.92913385826772
MolFinder-RF,NO[S](ON(F)N1ONN[PH]1C1=CC=C1)SPO[S](ON)N1NPP[PH]1OO,0.7922383368382783,0.1946533962221188,1.9926980204809652e-11,0.2864142375481232,477.76595556780535,439.1578947368421,650.97767497802,528.0314960629921
MolFinder-RF,NO[S](ON(F)N1ONN[PH]1C1=CC=C1)SNONO[SH](NP1PN[PH]1OO)OOO,0.6604731428834936,0.1702146835413041,6.400064506140167e-11,0.2146743082440816,679.0693409066384,684.5263157894738,799.133141605945,756.1496062992126
MolFinder-RF,OOO[S](N[SH]SP1PPN[PH]1OO)ON(F)N1ONN[PH]1C1=CC=C1,0.719178674422552,0.2061945285169155,3.92122556647223e-10,0.2960882050159428,272.5719434752328,316.4736842105263,172.73766916689362,559.496062992126
MolFinder-RF,ON(O[S](N[SH][SH](CP)PF)OONPP)N1ONN[PH]1C1=CC=C1,1.0,0.05995595877553,8.272984380885973e-11,0.2273193699956356,1.0,1.0,100.767142263306,1.0
MolFinder-RF,OOOOOO[SH](NP1PN[PH]1OO)OP=CON(F)N1ONN[PH]1C1=CC=C1,0.2323535147364261,0.2547675743782398,2.0943049378052692e-11,0.2135626748038084,629.6761404428732,579.3684210526316,523.8713121277474,667.0
MolFinder-RF,NO[S](ON(F)N1ONN[PH]1C1=CC=C1)SNNO[SH](NNP1PN[PH]1OO)OOO,0.7836772467981837,0.1602103290512837,5.913766004672638e-11,0.2114871309062364,679.0693409066384,684.5263157894738,711.481688236912,756.1496062992126
MolFinder-RF,OOOO[SH](NP1PPN[PH]1OO)ONN=CON(F)N1ONN[PH]1C1=CC=C1,0.6969160451698524,0.3027841412336272,2.52265981544042e-05,0.2322632980066233,643.3279406581007,614.421052631579,510.2890906610247,729.9291338582677
MolFinder-RF,NO[S](ON(F)N1ONN[PH]1C1=CC=C1)SSNNO[SH](O)NP1PN[PH]1OOO,0.7953204135325186,0.0762705256460891,9.968104466850924e-12,0.1959947779646486,622.6333393337941,614.421052631579,642.8462228979191,724.6850393700788
MolFinder-RF,NO[S](ON(F)N1ONN[PH]1C1=CC=C1)SSNNO[SH](NP1PN[PH]1O)OOO,0.7953204135324843,0.0914100271122575,2.009259729082724e-13,0.2129187747469941,622.6333393337941,614.421052631579,642.8462228979191,724.6850393700788
MolFinder-RF,NO[S](ON(F)N1ONN[PH]1C1=CC=C1)SSNNO[SH](NP1PN[PH]1OO)OO,0.9222275621637132,0.1129482272993516,5.793001495169037e-12,0.2324632681572382,613.6347168764042,614.421052631579,670.8715248885177,724.6850393700788
MolFinder-RF,OOOOOO[S](NP1PPN[PH]1OO)ON[SH]=CON(F)N1ONN[PH]1C1=CC=C1,0.7228761319988977,0.144507034312479,3.318657154638416e-11,0.2451581658840097,796.2273197694719,754.6315789473684,692.2152627088499,685.3543307086615
MolFinder-RF,OOOOOO[SH](NP1PN[PH]1OO)ON[SH]=CON(F)N1ONN[PH]1C1=CC=C1,0.9271739913444352,0.1313957270867445,2.834945819762957e-11,0.2387537436848429,710.6410927456104,719.578947368421,633.8952077978716,677.488188976378
MolFinder-RF,NO[S](ON(F)N1ONN[PH]1C1=CC=C1)SONNO[SH](O)NP1PN[PH]1OO,0.9604986710577674,0.1774101077443628,3.7607823105689775e-11,0.2271869483572955,536.4025946110642,544.3157894736843,686.6719495824361,693.2204724409448
MolFinder-RF,OOO[PH]1NPPP1[SH](F)SN(O)SOOSN(S)N1ONC[PH]1C1=CC=C1,0.7905083330351385,0.129927858052562,2.1974676300828833e-08,0.226451616754403,486.4314763724742,491.7368421052631,471.81453846541143,756.1496062992126
MolFinder-RF,NO[S](ON(F)N1ONN[PH]1C1=CC=C1)SN[SH](NOOCl)NP1PN[PH]1OO,0.9151870033966772,0.1919782170945962,1.7951719277764508e-10,0.2159391049268199,555.9679194335214,544.3157894736843,576.6107895975703,693.2204724409448
MolFinder-RF,NO[S](ON(F)N1ONN[PH]1C1=CC=C1)SNO[SH](NP1PN[PH]1OO)ON,0.9599247464767108,0.1843733799193292,4.4277384536606224e-10,0.2621335613609233,464.6293861392882,474.2105263157894,642.8462228979186,661.7559055118111
MolFinder-RF,NO[S](ON(F)N1ONN[PH]1C1=CC=C1)S[SH](PO)PP1N[PH]1OOO,1.0,0.0274876054613009,4.634953754134585e-08,0.2694142205014934,334.8279961201803,298.9473684210526,195.5383460549843,567.3622047244095
MolFinder-RF,NN[SH](NP1PSN[PH]1OO)SS[S](ON)ON(F)N1ONN[PH]1C1=CC=C1,0.8262044737947757,0.1210474021471421,1.5492655769389074e-10,0.2687766178167785,478.9691004970736,509.2631578947369,431.4378097917366,693.2204724409448
MolFinder-RF,OOON[SH](NP1PPN[PH]1OO)[S](O)ON(F)N1ONN[PH]1C1=CC=C1,1.0,0.2475912510013067,4.06166051902801e-08,0.2614700347525071,399.3306333800934,439.1578947368421,257.7426847217301,724.6850393700788
MolFinder-RF,NO[S](ON(F)N1ONN[PH]1C1=CC=C1)S[S](NCl)NP1PPN[PH]1OO,1.0,0.2202302305916328,1.368125390754926e-09,0.2802631512594759,423.118296026292,369.05263157894734,328.67858720164816,606.6929133858268
MolFinder-RF,NO[S](ON(F)N1ONN[PH]1C1=CC=C1)SN[SH](NNP1PN[PH]1OO)ON,1.0,0.1916417203244753,2.18960377607047e-10,0.2641558273112376,462.16265456956194,474.2105263157894,511.36904284436855,661.7559055118111
MolFinder-RF,OO[PH]1NPPP1SS[S](OBr)ON(F)N1ONN[PH]1C1=CC=C1,1.0,0.1830220809644653,2.9655641831105584e-10,0.2966456528663713,147.9154975275701,141.21052631578948,1.0,496.56692913385825
MolFinder-RF,NO[S](ON(F)N1ONN[PH]1C1=CC=C1)SNON[SH](F)N1PP[PH]1OO,1.0,0.1568844023589719,9.568553588357176e-11,0.283245601292641,403.81402794594334,404.10526315789474,504.50932342443434,551.6299212598425
MolFinder-RF,OOON(SOOSN(S)N1ON[PH]1C1=CC=C1)S[SH](F)P1PPN[PH]1OO,0.7672563482313038,0.2724248785344475,1.2397280424458756e-10,0.2621981281974931,483.10704746820136,474.2105263157894,433.6416714704033,724.6850393700788
MolFinder-RF,OO[PH]1NPPP1[SH](F)SN(O)SOOSN(S)N1ONN[PH]1C1=CC=C1,0.5769035740267647,0.2911203957028816,3.375250356985049e-10,0.2553658656420612,412.9288745816365,439.1578947368421,358.5750794591637,724.6850393700788
MolFinder-RF,OO[PH]1NPPP1SSNO[S](ON(F)N1ONN[PH]1C1=CC=C1)SCl,0.9399040198005376,0.119901363140555,4.692725652510885e-10,0.2696090373943896,294.1539312938132,281.42105263157896,254.30767009873225,559.496062992126
MolFinder-RF,OOOOOON[SH](NN=CON(F)N1ONN[PH]1C1=CC=C1)NNP1PPN[PH]1OO,0.7593911601581154,0.1403615262378399,1.927810977520039e-08,0.2172762233852184,859.2195767455164,824.7368421052631,563.1654273433072,824.3228346456693
MolFinder-RF,NO[S](ON(F)N1ONN[PH]1C1=CC=C1)SNONN[SH](NP1PN[PH]1OO)OOO,0.7836772467981837,0.1174421496811981,4.33733639282341e-11,0.2117940970167039,679.0693409066384,684.5263157894738,748.8762882491816,756.1496062992126
MolFinder-RF,CO[S](ON(F)N1ONN[PH]1C1=CC=C1)[SH](N)NP1PPN[PH]1OO,0.997230587759528,0.3358520790892032,1.8618567310113576e-06,0.2968070991315615,258.76064909599444,281.42105263157896,141.3459612398687,661.7559055118111
MolFinder-RF,OOOOO[SH](N=CON(F)N1ONN[PH]1C1=CC=C1)NP1PPN[PH]1OO,0.834194606720809,0.2499449831728326,5.095342658023583e-06,0.2429442415204372,571.0192860624919,544.3157894736843,389.1785687380726,708.9527559055118
MolFinder-RF,CO[S](ON(F)N1ONN[PH]1C1=CC=C1)S[SH](F)P1PPN[PH]1OO,0.6942707934177502,0.3377025555263767,1.0415025286647506e-08,0.3062605343375635,273.5496892848041,281.42105263157896,135.01407130465364,661.7559055118111
MolFinder-RF,OOONS(=CON(F)N1ONN[PH]1C1=CC=C1)OOP1PPN[PH]1OO,0.745735809831477,0.1437188727878982,2.672817045815124e-12,0.2652709848555169,552.6519016689889,439.1578947368421,429.72753271850496,593.5826771653543
MolFinder-RF,NO[S](ON(F)N1ONN[PH]1C1=CC=C1)SNON[SH](NOOO)NP1PN[PH]1OO,0.8048975502812367,0.1889065481011334,5.183214534659753e-12,0.2142091155892166,679.0693409066384,684.5263157894738,764.3580249191929,756.1496062992126
MolFinder-RF,OOO[SH](NN=CON(F)N1ON[PH]1C1=CC=C1)NP1PPN[PH]1OO,0.9976776956038378,0.2297247820631711,1.3131150353729026e-06,0.2923729764238434,428.7201221097008,369.05263157894734,294.3760205745634,604.0708661417323
MolFinder-RF,NO[S](ON(F)N1ONN[PH]1C1=CC=C1)SN[SH](O)NP1PSN[PH]1OOO,1.0,0.0199170638493391,1.6787217449465428e-10,0.2233804389104356,479.4060803860967,509.2631578947369,558.4103328650082,693.2204724409448
MolFinder-RF,NO[S](ON(F)N1ON[PH]1C1=CC=C1)SNON[SH](NOOO)NP1PN[PH]1OF,1.0,0.1295559824438878,3.963056879191518e-12,0.2044845313074612,619.2368655189083,579.3684210526316,786.092733011784,693.2204724409448
MolFinder-RF,NO[S](ON(F)N1ON[PH]1C1=CC=C1)SNON[SH](NP1PN[PH]1OO)ON,1.0,0.161013061123461,2.3756615164655104e-12,0.266167008523231,464.6293861392882,439.1578947368421,680.2408229101891,630.2913385826772
ReLeaSE-MLP,O=CC(=O)CCC(F)(F)F,0.7910971131044301,0.6264515796098048,0.9996830224990844,0.6983641279672506,247.2376826027997,235.61363636363637,238.39166052941783,154.27617328519855
ReLeaSE-MLP,NC(=O)N1CC1,0.8971902809596572,0.7736697355535518,1.0,0.7258089126622194,121.9748941543409,144.79545454545456,187.66779455849175,145.25992779783394
ReLeaSE-MLP,O=C1NC(O)CCCO1,0.7208916237958642,0.8214039749149809,0.9999995231628418,0.551814180843305,199.24123485494155,281.02272727272725,398.5430964220621,410.3375451263538
ReLeaSE-MLP,CS(=O)(=O)N1CCOCS1,0.6862977056970226,0.6161195214602705,0.9999887943267822,0.5833195544085372,361.84698990072854,303.72727272727275,528.3901118980133,367.0595667870036
ReLeaSE-MLP,O=C[SH]1(=O)BC=CC=C1CCCC1CO1,0.499193536917194,0.5178255625843631,0.9811140894889832,0.5527958889855175,694.3467205951473,568.6136363636364,752.1484381222083,733.1191335740072
ReLeaSE-MLP,N#CC1=CC=C(S(=O)(=O)NO)CC1,0.6969243257010951,0.6473691205461953,0.1163248568773269,0.5751674153230091,780.4925820824564,538.340909090909,507.0150223851423,358.043321299639
ReLeaSE-MLP,CC1C(=O)C(=O)N1CC=O,0.6990034569667762,0.638520818922819,0.9994366765022278,0.5784161198168384,371.2664460830859,334.0,482.3450604558277,395.9115523465704
ReLeaSE-MLP,CN1CCNC1,0.7436580939309996,0.7908343456222289,1.0,0.584103658909338,44.420575625469745,122.0909090909091,192.44932722144804,230.01263537906135
ReLeaSE-MLP,O=CSNN1C=Cc2ccccc2C1,0.7029452257298501,0.5572043422505067,0.9978566765785216,0.5125641426296396,709.0537651587415,629.1590909090909,550.3235737237771,303.94584837545125
ReLeaSE-MLP,O=CC(CO)NCC1=NCC=CC(F)=C1,0.6179125845362416,0.3847327148417668,0.0028126339893788,0.3978711723377625,598.274755618347,538.340909090909,606.4717088419429,433.7797833935018
ReLeaSE-MLP,CN(C)C(=O)Oc1ccco1,0.8054579113515898,0.7618612441270579,0.9999974966049194,0.7566567521946809,429.7108185419348,379.4090909090909,442.82230146128865,138.04693140794225
ReLeaSE-MLP,O=C1CCCc2ccccc21,0.924124962633641,0.8482089814525403,1.0,0.8047419449953985,553.7084859099624,523.2045454545454,285.72700580199296,275.0938628158845
ReLeaSE-MLP,N#Cc1cccc(F)c1F,0.8851324635317805,0.8912362648005665,1.0,0.7591255843194563,552.6255016985664,455.09090909090907,340.3234774890871,114.60469314079424
ReLeaSE-MLP,CC1=NN=C2OCCCCC1CCCSCS2,0.5184402393779105,0.356353233573477,0.978512406349182,0.5309063245722488,574.5017464400307,757.8181818181818,642.4249102946881,803.4458483754512
ReLeaSE-MLP,CN(CCO)CNC1=CC=C2CC(CCC1)C2,0.5843080079415999,0.3378374979019007,0.0771260410547256,0.4852020195639918,579.5225783013358,765.3863636363636,499.4555286212775,691.64440433213
ReLeaSE-MLP,COCCOC,0.9266628450622214,0.9429684315933092,0.9999996423721312,0.725332112719355,1.0,23.704545454545457,20.19696172221305,51.49097472924188
ReLeaSE-MLP,COC(C)C,0.8970360072515648,0.9276457258227144,0.9999994039535522,0.70834445405383,1.2035498533486757,1.0,36.31168956880273,40.671480144404335
ReLeaSE-MLP,NC(=O)N1C(=O)NCCCCCN1NCCCN1CCOCC1,0.7241098471820305,0.3695121514540179,0.9862595796585084,0.753660899277587,757.5931055651586,833.5,959.2630342599516,870.1660649819495
ReLeaSE-MLP,CC(=O)CN(C)C,0.8465109036592149,0.8575175614658065,1.0,0.7186124135518711,104.8904080454666,99.38636363636364,148.1450355639528,76.73646209386281
ReLeaSE-MLP,CNC(=O)CO[O+]BP,0.5114535981548385,0.7087650586022174,0.999997615814209,0.7059532281986083,151.04970808221665,167.5,377.6387386199377,94.76895306859204
ReLeaSE-MLP,CCCCN(C)C,0.9309563536340766,0.8593869980954052,1.0,0.7301172945565333,32.90149069420741,46.409090909090914,76.96328411345455,83.94945848375451
ReLeaSE-MLP,COC(=O)N(C)C,0.8610701796773144,0.8733197695652699,0.9999990463256836,0.7349748554601462,108.17124257370962,106.95454545454544,208.8181546062155,53.294223826714806
ReLeaSE-MLP,O=C1CC(F)O1,0.6954369482934037,0.744450665837392,0.9998382329940796,0.5775786894835747,113.82193184916284,159.9318181818182,239.4587693257273,294.92960288808666
ReLeaSE-MLP,COC1=CC=CC=C(C)CCCN1C1CCCCNCCCC1,0.728694716541527,0.3755580794820501,0.2542472779750824,0.3961514667576858,811.9096018703118,901.6136363636364,633.2637974395491,906.231046931408
ReLeaSE-MLP,CCCN1CCCC1,0.9364877774938088,0.7676810634036568,1.0,0.7371196015277597,78.24399918981202,159.9318181818182,106.66887824390324,273.2906137184115
ReLeaSE-MLP,NC(=O)CCC(F)(F)F,0.8576899727791338,0.7033576500662198,0.9999998807907104,0.7467179367505871,187.2153412505232,190.20454545454544,220.3235343573175,139.85018050541515
ReLeaSE-MLP,NCC(=O)CC=O,0.7455281485058716,0.6962987306954369,1.0,0.605895710521473,127.87885559556698,122.0909090909091,187.23042655252425,56.90072202166065
ReLeaSE-MLP,CN1CC(=O)CCCSCN1,0.6407298392312419,0.4758686139394352,0.9707558155059814,0.5516671988313452,251.48445626918848,356.7045454545455,428.27377717077945,428.37003610108303
ReLeaSE-MLP,COC(=O)N1C[SH]=[SH]1,0.5175728228832018,0.7456442442971357,1.0,0.7003519902046893,240.97294214299976,311.29545454545456,439.83170181956,204.76714801444044
ReLeaSE-MLP,COC1C=CC=CNC1=O,0.6803296192660155,0.7427478373549601,0.2610649466514587,0.4099573250852756,340.43911437527237,356.7045454545455,398.2639102656157,388.6985559566787
ReLeaSE-MLP,CCC(=O)COC,0.8578683194460426,0.7969601978529965,0.9999998807907104,0.7224206347492044,85.77189106632655,91.81818181818184,165.64269849883306,65.91696750902527
ReLeaSE-MLP,O=C1CNC(=O)NCBC(CNCCCCO)=N1,0.623352343983212,0.3414978164282494,0.832080602645874,0.6136846378342958,622.122992973835,636.7272727272727,769.015135666406,493.2870036101083
ReLeaSE-MLP,CC(C)(C)C(=O)N1CCC1,0.8987266515659685,0.75209594869232,0.999998927116394,0.7759669759199592,254.38801689264815,273.45454545454544,222.40902089007452,287.71660649819495
ReLeaSE-MLP,[O-][NH+]1CCCC1,0.4333024378224024,0.8834437381815194,1.0,0.6800894273659579,48.49705677805877,152.36363636363637,80.61598122629798,230.01263537906135
ReLeaSE-MLP,COCCOC(=O)c1cccc(C)c1,0.9362278639171786,0.7488489879607679,0.9999923706054688,0.9742685866370456,591.3684502073941,500.5,436.778838016967,202.9638989169675
ReLeaSE-MLP,CC(C)=O,0.9272297042386004,0.9704142305853598,1.0,0.709326758815232,18.84456694780328,16.136363636363637,1.0,1.0
ReLeaSE-MLP,COC(=O)CNC1=CC=C(C)C(=O)C1CCCCC1CCNNC1,0.6373341359346352,0.289294149568396,0.4129141867160797,0.4535497119349881,1000.0,886.4772727272727,874.4281523647295,1000.0
ReLeaSE-MLP,COC(=O)CNN1CCCCn2[nH]c(c2Cl)COCN1,0.5386602208309081,0.3282033786928717,0.0383534505963325,0.6041248606790356,797.6213790342939,1000.0,1000.0,646.5631768953068
ReLeaSE-MLP,CC(=O)C(C)C,0.9076992355947656,0.8983095927618061,0.9999998807907104,0.7219380621891212,77.33009080995859,69.11363636363636,64.75535291788611,55.09747292418773
ReLeaSE-MLP,O=C1CSc2ccc(Br)cc2C1,0.8046498315378923,0.6988133140634915,1.0,0.6649199015197038,648.7338732966367,583.75,466.8740761175274,298.5361010830325
ReLeaSE-MLP,O=C1CCCCCNC1=O,0.8407419262912433,0.6535254805187568,1.0,0.598506222768658,241.8697354836912,349.1363636363637,366.5928268853291,336.4043321299639
ReLeaSE-MLP,CN1CNC(=O)C(=O)O1,0.6818370590262202,0.6040772947025227,0.9996790885925292,0.5362330173932855,283.05573111382654,318.8636363636364,502.7624919620484,294.92960288808666
ReLeaSE-MLP,CCN1OC1=O,0.7184989989083752,0.7491596244210026,0.9999996423721312,0.6232974266285488,130.12785645951894,144.79545454545456,330.2560269246357,208.3736462093863
ReLeaSE-MLP,O=[B-]CNNN1CCC1,0.5763337769749382,0.655924077713701,0.99977308511734,0.677188635542971,160.6019060525349,220.47727272727272,268.6062087196177,264.27436823104694
ReLeaSE-MLP,O=C(O)N1C=CN(Br)CCCNCCC1,0.6721455515692087,0.5456753667993316,0.7038216590881348,0.5120592875732352,445.1072891981758,530.7727272727273,704.1143552429835,489.6805054151625
ReLeaSE-MLP,O=C1CCB[N+]OCC1=O,0.5155248933242103,0.7339057744393798,0.9998799562454224,0.6711934016661539,252.64582470185223,364.2727272727273,489.12008780451686,336.4043321299639
ReLeaSE-MLP,COC(=O)C1CCO1,0.8174106990081571,0.8940925663765471,0.9999133348464966,0.719422725245425,160.66991636611417,205.3409090909091,291.3331012403472,334.601083032491
ReLeaSE-MLP,O=C1NCPCCCCS1,0.5132587483908444,0.5891170400791139,1.0,0.3908584194864864,186.08379861977332,326.4318181818182,464.83530659662017,397.7148014440433
ReLeaSE-MLP,CN1CC(=O)NCCC1=O,0.8207147997141168,0.6335911897336166,0.9999996423721312,0.5596763999314817,305.9635452673886,349.1363636363637,490.76719930730013,320.17509025270755
ReLeaSE-RF,C[SH](C)(=O)F,0.4434691541047119,0.92245088986373,1.0,0.621156451375497,46.20785983285579,40.387096774193544,101.64426702201315,36.84928229665072
ReLeaSE-RF,CC1(C)CC1,0.9161632799788376,0.7602094406802222,1.0,0.6898082451710886,31.25987054862698,54.70967741935484,17.550688825739208,96.59808612440192
ReLeaSE-RF,CC1(CC(F)(F)F)N=NC(N)O1,0.564664485971621,0.7218160135116504,0.6239914894104004,0.5768121228387989,171.30032461169864,201.51612903225808,321.5155881777285,320.45693779904303
ReLeaSE-RF,CCOOCC1=CCCC(=O)N1CO,0.7244191854161924,0.6364129437877963,0.4919656217098236,0.5457010345056889,189.99965805431188,226.5806451612903,372.62672273655176,168.29665071770336
ReLeaSE-RF,CCNC(=O)CCCC(=O)c1ccc(F)cc1Cl,0.8970455910767748,0.6178190516802009,0.9999986886978148,1.0,376.4051530392807,337.58064516129036,423.8013253342025,122.88755980861244
ReLeaSE-RF,CCCC(=O)Sc1ncc(O)nn1,0.7475015662383355,0.6457347404794411,0.9909274578094482,0.715230789499019,241.64503175603443,255.22580645161293,418.7026375486038,79.86842105263158
ReLeaSE-RF,CCCCCC(C)O,0.8615769993744576,0.7961461791032872,0.999958634376526,0.7342870106356689,34.32913296253158,51.12903225806452,97.57264865929294,65.52870813397129
ReLeaSE-RF,NC(=O)C(N)=O,0.868340655713109,0.7977572047496024,1.0,0.699561788106525,62.82165103199473,79.77419354838709,83.36818793398767,12.153110047846887
ReLeaSE-RF,CCCC,0.9326974392813356,0.919319457384152,1.0,0.7039271957283582,1.0,1.0,1.0,1.0
ReLeaSE-RF,O=CC(=O)C1CC1O,0.6741492232560011,0.8695325774335365,0.9997603297233582,0.609574036875763,108.28424613447156,122.74193548387096,183.29401921762485,194.58612440191388
ReLeaSE-RF,CCCNCCCC1CCONC1,0.7279513824699679,0.3045780503112835,0.9987595081329346,0.5078156449386882,94.71513278693337,162.1290322580645,273.01872921385245,218.48564593301435
ReLeaSE-RF,Cc1ccc(S(C(=O)O)=S(=O)(O)C(C)C)c(C)c1,0.680914302554618,0.6251158224679566,0.890311062335968,0.7655827145396719,500.36772968147454,359.06451612903226,434.5222780333489,211.3157894736842
ReLeaSE-RF,CCCCC1COCCCN(C=O)C1,0.7538587817440217,0.4480704449437267,0.9998210072517396,0.6223405313054767,133.27473774610667,201.51612903225808,297.2899784580281,245.57177033492823
ReLeaSE-RF,CCCCSC1=NN(C)CCCCCCCC2=CC(=C1)NN=CN(CC)CCC2=O,0.5625934501893084,0.0970877803200207,0.0031884051859378,0.4832051548183233,550.7032490760349,609.7096774193548,703.6077717497495,454.29425837320576
ReLeaSE-RF,CCOC1CC1CCCCC1c2cc(Br)ccc2C2=CN=C(C2)C(=O)C2CCCN1CCCCCC(=O)CSCC[N+]CN2,0.3568347265854755,0.0900478906914146,0.0015775979263707,0.4646683502855527,1000.0,1000.0,1000.0,1000.0
ReLeaSE-RF,CC(CCC=O)CCCC1C(=O)N1CCOCCCN1CCCCCC1,0.7347420346326368,0.2523627974650094,0.9999923706054688,0.72199861612244,342.3148400165217,387.7096774193548,523.0772422527774,467.0406698564593
ReLeaSE-RF,CC[SH]1CCCCN(CNC(=O)C(=O)CC(C)(C)C)CN1,0.6035113662780804,0.2244716884568198,0.6631736159324646,0.6579708837884934,297.9822361765123,348.3225806451613,510.48220645537486,364.2727272727273
ReLeaSE-RF,CCCCCCOCC(=O)N1CCCC1,0.9089441436272332,0.6325147703790963,0.9999992847442628,0.9676690392812266,147.6434788869229,197.93548387096777,276.43933027196704,167.5
ReLeaSE-RF,CC1=CC(=[N+]NN2CC3CC=CC(=N3)OCCN(C)CCCN2)C=C1,0.4358543050651899,0.074594838858903,0.0012773076305165,0.3847756846092047,509.27130338204057,559.5806451612902,648.1748989213094,494.92344497607655
ReLeaSE-RF,COCCOC(=O)OC,0.8828627000518612,0.8827525351367491,0.9999996423721312,0.7448569791029916,67.42645114218298,90.51612903225806,204.1379308568498,39.239234449760765
ReLeaSE-RF,CC[SH]1CCC2CCCN2CCCN(CO)CCCN1,0.5833514861294329,0.3305342456459568,0.7483119368553162,0.6008060547312349,224.169218927826,362.64516129032256,521.847318688046,517.2296650717703
ReLeaSE-RF,CNS(=O)(=O)COC(=O)C1=CC=C(C)C(C)=CS1,0.680637388565001,0.3910478083152755,0.0136223537847399,0.5651902252200687,444.1780510264916,351.9032258064516,465.76479314505616,210.5191387559809
ReLeaSE-RF,O=C1CCNC(=O)OOC1,0.6828375306868477,0.6437150109923242,0.9999256134033204,0.4687774281180765,104.99892232514792,190.77419354838707,287.13505776587715,139.61722488038276
ReLeaSE-RF,Cn1ncnc([SH]=O)c1=O,0.6419387313380482,0.5118036678660106,1.0,0.6325514938658533,257.8862688411616,226.5806451612903,358.6726813384139,54.3755980861244
ReLeaSE-RF,CC1=CN=CCN1CC1CC1,0.7265711785145343,0.61046636645088,0.9968737363815308,0.5824034690510373,168.78112484652655,208.6774193548387,209.4660625795936,185.02631578947367
ReLeaSE-RF,CN1CN2CCCCCCCCCCCC(=O)C(CCC(=O)O1)C2,0.5747770250814626,0.452699769949583,0.4772839844226837,0.5529824437265234,335.6011569296,473.6451612903226,533.1209304740188,554.6722488038278
ReLeaSE-RF,CNC(=O)n1cc(N(C)C)nn1,0.7369711833478472,0.6897902788013399,0.9999998807907104,0.7355191767193745,234.01843753003905,219.4193548387097,326.4439254423066,68.71531100478468
ReLeaSE-RF,C=C1N=C2N=NCN2CCCNC(=O)ON1C1=CC(O)C1,0.541209507799251,0.3562302951534999,7.137838053949963e-08,0.3318903887472209,465.9899970920392,498.7096774193548,592.4415337980234,412.8684210526315
ReLeaSE-RF,CC1=NN=CC2=C(F)CCN12,0.6509394167279339,0.5027220006522395,0.8423594832420349,0.5427102191152172,232.4966451628985,262.3870967741936,273.12071735556225,173.07655502392345
ReLeaSE-RF,CCNC(=O)CCCCN1CCN(C)C=C(Cl)C=N1,0.7419939167733605,0.2922944195127039,0.2584900259971618,0.6773638594979308,288.0778448752982,316.09677419354836,500.13214988350575,216.89234449760767
ReLeaSE-RF,CC1CCO1,0.8493255650282018,0.9284496142334842,0.9999998807907104,0.6758191414368758,25.064322164730772,54.70967741935484,99.99303174033348,122.88755980861244
ReLeaSE-RF,CCC1=NN=NC1CCNC1=CC=CC2=COSC(=NC2)C2=CC=CC2=C1,0.4081516886089614,0.2406763209785687,1.4583431684478398e-10,0.1038855626453926,744.0884013927387,699.2258064516129,670.9551963543302,476.6004784688995
ReLeaSE-RF,Cc1ccc(F)cc1,0.9944318638422428,0.915297382974189,0.9999998807907104,0.7737018238720047,119.7251311952374,162.1290322580645,79.5217636931988,36.05263157894737
ReLeaSE-RF,COC(=O)C(C)[SH]1C=CC(CO)C1,0.5198408105517383,0.6816123786605729,0.6771851778030396,0.6486109313664459,179.9580123632451,215.83870967741936,307.1130841965672,304.52392344497605
ReLeaSE-RF,CN1CCCC(=O)C2=CC=C(C3CCN(C(C)(C)C)C(=O)N3)C(=N1)CCNC=C2,0.5018156147410269,0.2452167309905606,0.0005852489266544,0.2715392678920804,648.6976962626201,667.0,712.2346631404422,537.9425837320574
ReLeaSE-RF,CNC(=O)N(C)CCC1CCCOC(=O)NC1C,0.6949757591104846,0.1897917463342824,0.9999992847442628,0.6396550952436972,248.36790453580545,291.03225806451616,470.54538151920445,325.2368421052632
ReLeaSE-RF,CCCOCCNC(=O)N(O)CCN(C)C(=O)N1CCCC1,0.8087980913200087,0.2120328487284737,0.999569833278656,0.8963960477303599,291.607843932943,319.6774193548387,570.6917952855435,223.26555023923444
ReLeaSE-RF,Cc1ccc2n(CCCN3CC(=O)CCN3CC(N)=O)cc(c(C)c1)C=CC=C2,0.5888838386587572,0.0521273757667877,0.6815875172615051,0.5711638184671233,752.8002550371605,659.8387096774194,708.2048551314994,359.49282296650716
ReLeaSE-RF,CCCOc1cccc(O)c1Cl,0.8982557550261687,0.6584550456632137,0.9999980926513672,0.794570813927656,218.4554065379264,223.0,271.2608731004922,71.10526315789474
ReLeaSE-RF,CCc1c2c(O)cc(C(O)O)c1CCC(C1=CC=C3CC3=CC=CC=C(O)C1)=CC=C2,0.5414189182664302,0.2998860738965105,8.934921247316652e-09,0.2885741719447321,927.7386970451043,795.9032258064516,558.6524442263933,431.1913875598086
ReLeaSE-RF,CCN(C)n1ccsc1=O,0.7124572498565669,0.619964215044487,0.9999938011169434,0.7015953247018951,211.348579155454,165.70967741935485,321.81888767520917,55.17224880382775
ReLeaSE-RF,COC1=CC=C2CCCC(CC2)CN(C(=O)C(C)(C)C)C1,0.568479618231716,0.4441630418619171,0.297078788280487,0.454529707489213,371.36812684665455,423.5161290322581,421.0685976732491,378.6124401913875
ReLeaSE-RF,CCCCNC,0.91047438352376,0.8517228306710851,1.0,0.6637601413528857,12.68378531897153,26.06451612903226,74.00449337076351,20.119617224880383
ReLeaSE-RF,COC1=CC(CC(=O)NC(=O)OCCCCC2CCCN(C(=O)CN)O2)=C1,0.6962950989243937,0.2609387495504942,0.1466923952102661,0.5982106514904433,517.2823269897958,487.96774193548384,771.9361726704383,380.2057416267943
ReLeaSE-RF,CCC(C)OC,0.7953897688062244,0.8607571783091645,0.9999986886978148,0.7092305326902254,18.751966068057214,29.64516129032258,87.58001512102909,46.409090909090914
ReLeaSE-RF,CCCCOC,0.9464416912160676,0.8598796512259084,0.9999997615814208,0.7487362981004224,12.68378531897153,26.06451612903226,76.18119367147268,20.119617224880383
