Model,SMILES,Norm_SAScore,Norm_SCScore,Norm_RAScore,Norm_SYBA
MolDQN-MLP,[B]n1c(C=C2C=CC=N2)ccc1NN,0.6389376272307881,0.5150428545578953,0.0001065137403202,0.5402921995123567
MolDQN-MLP,C=c1c(CC)nc2c(C)c3c4c1c2n3BO4,0.49538162173011413,0.21274956043106874,0.3574422001838684,0.6520272973604091
MolDQN-MLP,CNC12NOOC1C(C)=C(O)c1[nH]c3c(O)cn(B(F)F)c3c12,0.4865340690655723,0.09538491364857071,2.7824755761685083e-06,0.4934684150162908
MolDQN-MLP,C#CC1=C(C)C(=Cc2cccn2C=O)N=C1C,0.688214460537447,0.47508133377006156,0.0099260574206709,0.638664654463359
MolDQN-MLP,Cn1cccc1C=Cc1occ[n+]1C,0.7064230118461727,0.7847138358301424,0.9094370007514954,0.7754710078459448
MolDQN-MLP,NC1=C(F)C2=Cc3cccn3[B][N+]2=C1,0.5566945503077112,0.42586786913363417,0.7026719450950623,0.5895461060825749
MolDQN-MLP,FBn1cccc1C=C1N=C2CCC3=CC1=C2C3,0.5148488138185796,0.31160257549975523,1.3522057997761294e-06,0.5374387374389389
MolDQN-MLP,NNC1=[N+]2[B]n3cccc3C=C2C=C1,0.5469673645666231,0.4558540117643123,0.99954092502594,0.6317264218381563
MolDQN-MLP,NC1(O)C=CC=Cc2cccn2[B]N1,0.5132053208726399,0.5896088095207197,0.2967392802238464,0.5220588856912486
MolDQN-MLP,N#COc1ccc(C=C2CC=C=N2)n1B(N)N,0.5156630080006219,0.47664982299066605,0.0006033708923496,0.45184387808579635
MolDQN-MLP,FB(F)[N+]1=CC=CC1=Cc1[nH]c2cc1ON2,0.45405659844552526,0.4591086839809555,0.0006665514665655,0.550421738399316
MolDQN-MLP,Cc1ccc2c(NO)c3c(n12)=C=CC=C3,0.6372092599063028,0.46591377734433403,0.0023681204766035,0.39075640568168046
MolDQN-MLP,Cn1cccc1C=CC1=C2CCC(=C1)C2=N,0.6216890399170973,0.38017298498746577,0.4328002035617828,0.5751970023059342
MolDQN-MLP,C#CC=Cc1ccn2cnccc12,0.7293774546773819,0.52460525237349,0.9999901056289672,0.698706283658049
MolDQN-MLP,C#Cn1ccc(OO)c1C=CC=C(C=C)C=N,0.5912043132379379,0.4838014231348784,0.0309263225644826,0.41385980356642504
MolDQN-MLP,C#Cn1cccc1C(C#N)=C1C=C(N)C=N1,0.6356864087219802,0.544008505462618,0.0005108377663418,0.6061998431862828
MolDQN-MLP,CC=CC(C)=Cc1cccn1B(F)CO,0.6432607979315222,0.5298699382804064,0.0257391277700662,0.6399997068809365
MolDQN-MLP,C[C+]1C=C(C=C(C=CO)[N+](=Cc2cc[nH]c2OO)[B-](F)F)C2=CC=CC=[N+][B-](F)(F)[N+]C2=C1,0.37457213274659007,0.22176917058363932,5.499557406696276e-12,0.41937838849965936
MolDQN-MLP,Cc1cc(C=C2C=CC=[N+]2B(F)F)n(C)c1,0.610542127447699,0.25086634110548245,0.3209677040576935,0.6365300264379066
MolDQN-MLP,NNc1ccc2n1[B][N+]1=C(N)C=CC1=C2,0.5565663260959273,0.4382842145438196,0.0022540285717695,0.613024850395616
MolDQN-MLP,Cn1c2cc(c1N)N(N)C(C1C(N)=C(N)N3N=NNC=C3C1O)=C2,0.432621672230335,0.22144431540580323,1.6654174705976743e-09,0.4169525815356343
MolDQN-MLP,CC(=C1C=CC=N1)c1cccn1C=N,0.6732914733846342,0.48555211042561,8.622326276963577e-05,0.5149445143534566
MolDQN-MLP,CSC(=C1C=CC=N1)c1cccn1B(F)F,0.6344607676963392,0.4167217755796162,6.184650555951521e-05,0.589539880955514
MolDQN-MLP,[B]n1cc(F)c(F)c1C(O)=C(CC)N(CO)C12C=CC(OO1)N2N,0.4022846738441057,0.3516616551361339,1.2164846339146608e-05,0.47673888214931587
MolDQN-MLP,Nc1[n-]c(C=C2C=CC=N2)c(O)c1OO,0.5914900930266709,0.5332913342341314,0.1279239505529403,0.47059804310328385
MolDQN-MLP,CCN=C1Cn2c3c1c(c2C(O)=NC=C=O)C#C3,0.4160988283202438,0.29179999726036976,0.0159809719771146,0.42779430337942015
MolDQN-MLP,Nc1c(O)cn2c3c(cc12)C=CC=C=3,0.6030791656923264,0.42719104618690074,0.0094182509928941,0.39371701000168435
MolDQN-MLP,NC1=C(N)C(=Cc2cccn2C=O)N=C1,0.6700435728801508,0.6313141218183571,0.00036698099575,0.5738289204747458
MolDQN-MLP,CNc1c(N=O)[nH]c(C=C2C(N)=CC=[N+]2B(N)F)c1N,0.5528572193154813,0.2969250715745372,0.0001009082843665,0.5763732491470701
MolDQN-MLP,N=NCSC1=C2C=CC=[N+]2B(F)n2cccc21,0.5390907356301352,0.4346044209267327,6.495905836345628e-05,0.5587172456547267
MolDQN-MLP,NNC1=[N+]2[B]n3c(cc(ON)c3O)C=C2C(F)=C1F,0.5464343711665725,0.3369785219822665,4.7768285185156856e-06,0.563508210402287
MolDQN-MLP,[B]n1c(C=CC=CC=N)ccc1NC,0.61792924458779,0.5058453563243754,0.0003280421369709,0.5348970461811506
MolDQN-MLP,C=Cn1cccc1C=C1C=CC(O)=N1,0.6629537810769419,0.460895654907285,0.5310605764389038,0.5750228860077568
MolDQN-MLP,FBn1cccc1C=C1C=CC=N1,0.6266159162158433,0.5946616554205686,0.0767607614398002,0.5766646748273726
MolDQN-MLP,Cc1cc2c(ccn2BF)c(C)c1C,0.7188884369473872,0.4613752069629169,0.9999961853027344,0.7449521868103024
MolDQN-MLP,C=C=C(N=N)C(=Cc1ccc(O)n1CN)N=CC,0.5891909599935723,0.40431366918983513,1.4255740552471252e-06,0.4088888435377338
MolDQN-MLP,C#CC(=C1C=CC=N1)c1c2ccn1c(C)c2,0.611617133562582,0.2521610449199715,0.0003106783260591,0.598790134718964
MolDQN-MLP,Cn1cccc1C=C1C=CC(O)=N1,0.7187199538567233,0.4296817614749364,0.9935530424118042,0.6801871662481443
MolDQN-MLP,C#Cc1ccc2n1[B-](F)(F)[N+]1=C(C)C(C)=C(O)C1=C2,0.6016326714334246,0.46252936271244116,0.0537047274410724,0.6132969135160298
MolDQN-MLP,Cc1cc[n-]c1C=C1C=CC=N1,0.5951800707104844,0.6619382502292653,0.8274701833724976,0.5611590217578805
MolDQN-MLP,NC1=NC(=Cc2cccn2B(F)F)C=C1,0.6403223274589054,0.42429712721409807,0.2402879446744918,0.6222284294379427
MolDQN-MLP,C=CBn1cccc1C=C1C=CC(N)=N1,0.6032174888866251,0.43599924500646825,0.9966365098953248,0.6084643125104647
MolDQN-MLP,OC1=CC2=Cc3cc(O)cn3B(F)[N+]2=C1,0.5393695802061582,0.4203445625342791,0.0133139798417687,0.6073435229526818
MolDQN-MLP,NC1=CC=Cc2cccn2CC=C1N,0.6343322432824834,0.5374014905745419,0.8001664876937866,0.4878202021576899
MolDQN-MLP,COc1cc2n(c1)[B-](F)(F)[N+]1=CC=CC1=C2SC,0.6167860808726933,0.4442134560909171,4.858736792812124e-05,0.6110969910326838
MolDQN-MLP,CC1=[N+]2C(=C(S)c3cc(O)cn3[B-]2(F)F)C=C1,0.5729223307430968,0.4568742552340379,0.0025060519110411,0.59550188578714
MolDQN-MLP,CC(N)n1cccc1C=C1N=CC=C1NO,0.6310089734916242,0.42841619535274134,9.229649435837928e-07,0.5476479441355371
MolDQN-MLP,C=CC1=Cc2cccn2[B-](F)(F)[N+]1=CO,0.5461309667870569,0.5674162143163328,0.8290518522262573,0.5931808008785541
MolDQN-MLP,OCC(=C1C=CC=N1)c1cc2c#cn1c2,0.48224631357929026,0.4092373962369634,0.0103753460571169,0.46400565061657384
MolDQN-MLP,CC(=Cc1cccn1B(F)C=CO)N=C1C=CC=CC1=N,0.5953908363216756,0.40155851096002215,2.305038826477812e-09,0.4615052137632029
MolDQN-RF,C1#CCn2cccc2C=CC=C1,0.5504283741858671,0.5419831539707509,0.9999997615814208,0.3995713812379567
MolDQN-RF,CC=CC=Cc1ccc(C)n1CC,0.7759370363238056,0.5154100390182226,0.9998457431793212,0.6247368062249614
MolDQN-RF,Cn1cc(N)cc1C=CC=CC=N,0.6998250705118398,0.5356253889066198,0.4832417070865631,0.5582944788911726
MolDQN-RF,C1=CCn2cccc2C=C1,0.72188511310443,0.6835486931596444,0.9999902248382568,0.511648150961049
MolDQN-RF,C=CC=Cc1cccn1C=N,0.6715959924103161,0.5682425634478742,0.999875783920288,0.5136178624604975
MolDQN-RF,C=CC=Cc1cccn1C,0.7740188493681663,0.5711839393941897,1.0,0.632324129958514
MolDQN-RF,C=C=CC=Cc1cc2ccn1c2,0.5354436139404266,0.5165973816632037,0.978593111038208,0.5166711057668703
MolDQN-RF,[B]NC(C=CC=Cc1cc(F)c[nH]1)NN,0.557608188931846,0.3962909851564823,0.00149233546108,0.577251297068854
MolDQN-RF,Cn1ccc(N)c1C=CC=Cc1c(N)ccn1C,0.7087494654880777,0.6260770817968029,0.9999997615814208,0.6646966514438885
MolDQN-RF,OCC=CC=Cc1cc2ccn1c2O,0.6448966649662247,0.4352168614162907,0.6100810170173645,0.6110026347089411
MolDQN-RF,C=CC=Cc1cccn1CCCCCCCCC,0.8264629802809773,0.48027951509279443,0.9999994039535522,0.7519340608185697
MolDQN-RF,N=Cc1cc(N)c2n1CC=CC=C2,0.6540193301560995,0.4837395836797108,0.0761410295963287,0.4117854818285282
MolDQN-RF,OB(O)n1c2ccc1cc2,0.614741953037669,0.8982548442056447,0.9994699358940125,0.6823450737621062
MolDQN-RF,Cc1c2ccn1cc2,0.716249724928242,0.7532703298725609,1.0,0.7343352904389806
MolDQN-RF,N=c1cnc2cc(C=C3C=CC=N3)n1c2,0.5691889709219478,0.3685871373920879,2.532728649384808e-05,0.4870263060465057
MolDQN-RF,C#Cn1cccc1C=C1C=CC=N1,0.6753912198595682,0.582066851776686,0.1863058358430862,0.5554930481885542
MolDQN-RF,C=Cn1c(C)ccc1C=C1C=CC=N1,0.7001103195384804,0.6295898282822588,1.863705983851105e-05,0.5053630215253847
MolDQN-RF,Cn1cccc1C=C1C=CC(N=N)=[N+]1B(F)F,0.599875671666743,0.4648701330037531,0.0259424783289432,0.6895756225927815
MolDQN-RF,C=Cn1cccc1C=C1C=CC=N1,0.7002191550822402,0.6263324890131031,0.0054951813071966,0.5241145089386247
MolDQN-RF,C=C(C)n1cccc1C=C1C=CC(N)=[N+]1B(F)F,0.6021730636042473,0.4613751625946212,0.3876340091228485,0.6598234834590023
MolDQN-RF,C=Cn1cccc1C=C1C=CC=[N+]1B(F)F,0.5885103403459119,0.47057299709060185,0.143700361251831,0.6063782462218105
MolDQN-RF,On1cccc1C=C1C=CC=N1,0.7140904003808142,0.592281019957073,0.0032939373049885,0.5463973386897255
MolDQN-RF,C1=CC(=Cc2ccc[n-]2)N=C1,0.5753566059902846,0.6460368410718416,0.6554483771324158,0.5646222563098107
MolDQN-RF,Cn1cccc1C=C1C=CC=N1,0.761906664117078,0.5631213246086912,0.7437968254089355,0.6292787891790123
MolDQN-RF,Cc1cc2ccn1c2C=C1C=CC=N1,0.6515123122457742,0.4358334809683163,0.0425364151597023,0.5869968879570893
MolDQN-RF,N=Cn1cccc1C=C1C=CC=[N+]1B(F)F,0.5658645283800998,0.4352640115397376,0.0005716853193007,0.5747136146943911
MolDQN-RF,C=C(C)n1cccc1C=C1C=CC=N1,0.7116910887692496,0.5496079371671835,0.2849006354808807,0.5419290349511187
MolDQN-RF,C=NC(C=CC[N+]B(F)F)=Cc1cccn1C,0.5912966209302455,0.49459952201640267,0.0682781785726547,0.6803058486921328
MolDQN-RF,Cn1cccc1C=C1C=CC=[N+]1B(F)F,0.6331721443087223,0.5139968908730577,0.5811789631843567,0.7115425264621982
MolDQN-RF,C#Cc1c(O)c(OO)n(C)c1C#CC=C,0.6216827303893084,0.38321104136470496,0.8537770509719849,0.5555580167561394
MolDQN-RF,ONC1C=CC=CC=Cc2cccn21,0.5926935947938408,0.5481967427178611,0.5361813902854919,0.4346445300601566
MolDQN-RF,OC1(O)C=CC=Cc2cccn21,0.6824149899089331,0.5796038975353394,0.6359742879867554,0.5349643291289019
MolDQN-RF,CCn1cccc1C=C1C=CC=N1,0.7606450660134143,0.5980435035078839,0.7396246194839478,0.6379524954798306
MolDQN-RF,CC#CC(N)=c1c(=CN(C(C)C)C(C)C)[nH]c2ccn(B(F)F)c12,0.6123410399412801,0.08959433619466939,0.0048784608952701,0.6147270269885432
MolDQN-RF,N=C=CC=Cc1cccn1C(=N)C(N)NN,0.5679263239189745,0.46166676212795854,3.621792643571098e-07,0.5066980549377857
MolDQN-RF,Cc1cc(O)n2cnc3c(c12)=C(N)CN(C#N)C=3,0.6405236193342316,0.3535624587542857,3.3778043871279806e-05,0.5683612534886471
MolDQN-RF,OCn1cccc1C=C1C=CC=[N+]1B(F)F,0.6156016223971938,0.5782805487541661,0.0033336686901748,0.6763811608901178
MolDQN-RF,Cn1cccc1C=C1C=CC=[N+]1B(N)F,0.6293201296567077,0.4265277733677326,0.0216013956815004,0.7067449350034759
MolDQN-RF,[B][N+]1=CC=CC1=Cc1ccc(O)[nH]1,0.5770908478276172,0.635398981166708,0.1616823673248291,0.6138187348076307
MolDQN-RF,Cn1cccc1C=C1C=C(N)C=N1,0.717011845748615,0.523055041789086,0.6754703521728516,0.6589413005552547
MolDQN-RF,Cn1c(O)ccc1C=C1C=CC=[N+]1B(F)F,0.5999428267483982,0.46570314419093317,0.0019724315498024,0.6133344494771085
MolDQN-RF,Fn1cccc1C=C1C=CC=N1,0.6874147959852097,0.6654644133413155,0.0026239193975925,0.5274444682449856
MolDQN-RF,Cn1cccc1C=CC=C=CN=NC(N)=NNOO,0.6002959863320336,0.35874009282617003,0.1656176596879959,0.5480319825207355
MolDQN-RF,N#Cn1cccc1C=C1C=CC=N1,0.6834936490093657,0.5564463252088202,0.005967796780169,0.5522727887468817
MolDQN-RF,N#Cn1cccc1C=C1C=CC=[N+]1B(F)F,0.5743865796621512,0.49115334245895004,0.0564451925456523,0.6345365260300675
MolDQN-RF,CCn1cccc1C=CC=CN,0.7430339944338199,0.550271764617199,0.999595582485199,0.6225596986892169
MolDQN-RF,Cc1ccc2n1C(C)C(N)=NC=CC=C2,0.5967478965586328,0.5359586241075007,0.001128549221903,0.4758903572958502
MolDQN-RF,Cc1ccc2n1CC=NC=CC=C2,0.6466890342918301,0.5360766925521221,0.008856470696628,0.4184885655010028
MolDQN-RF,C1=CN=CCn2cccc2C=C1,0.6358963229038159,0.5120084868097945,0.4441770911216736,0.4118083703995653
MolDQN-RF,CC=C(N)C=Cc1cccn1C,0.7355508599212737,0.6211200057529713,0.9966292977333068,0.681464261240029
MolFinder-MLP,OP[SH](PN1ONN[PH]1C1=CC=C1)[SH]N1PC2=CC(C(F)=[SH][S](Cl)Cl)=CC21Cl,0.8370046559759994,0.07568839054619536,4.641311748994348e-13,0.1496473758804934
MolFinder-MLP,N=S(N[SH][SH]1(CP)NN[PH]1C1=CC=C1)N1NPC2=CC(C(F)=[SH][S](F)F)=CC21Cl,0.7853550343053031,0.0426415864355465,1.0339970473940844e-15,0.15083363890331614
MolFinder-MLP,C[P](P)(PN1ONN[PH]1C1=CC=C1)N1PC2=CC(C(F)=[SH]S(=N)PO)=CC21Cl,0.9329963826670498,0.0007029872983976837,8.995127234213973e-13,0.14196998288451088
MolFinder-MLP,NO[S](N1ONN[PH]1C1=CC=C1)[N+]1PC2=CC(C(F)=[SH][SH](P)[SH]P)=CC21Cl,0.9866970004256463,0.1464895853741477,3.165848117513137e-13,0.2096089178102297
MolFinder-MLP,N=S(PN1ONN[PH]1C1=CC=C1)N1PC2=CC(C(F)=[SH][SH](P)SN)=CC21Cl,1.0,0.12001365061415625,1.0649366727980014e-16,0.09118381880346849
MolFinder-MLP,CPCC[SH]1([SH](C)[SH](O)N2PC3=CC(C(F)=[SH][S](F)F)=CC32Cl)NN[PH]1C1=CC=C1,0.8258545005483556,0.0621638817726915,7.927463373247345e-12,0.06304622422360488
MolFinder-MLP,CPC[SH]1([SH](CF)[SH](O)N2PC3=CC(C(F)=[SH][S](F)F)=CC32Cl)NN[PH]1C1=CC=C1,0.9475546992084956,0.13739770530649342,6.973423921641242e-11,0.10458053325088676
MolFinder-MLP,C[S](P[SH](P)N1ONN[PH]1C1=CC=C1)[SH]=C(F)C1=CC2(Cl)C(=C1)PPN2OF,0.9626241198099837,0.11662799271733548,4.225580302330556e-11,0.092181349974507
MolFinder-MLP,N=S(CF)[SH]=C(F)C1=CC2(Cl)C(=C1)PP[N+]2N(N)PPN1ONN[PH]1C1=CC=C1,0.987147221733466,0.010749101016031659,3.808008595951318e-12,0.17324852397094276
MolFinder-MLP,N=S(Cl)[SH]=C(F)C1=CC2(Cl)C(=C1)PO[N+]2P(OOP)PN1ONN[PH]1C1=CC=C1,0.905664066262424,0.04304925037939222,2.4812596909843526e-14,0.09884134021191916
MolFinder-MLP,N=S([SH]=C(F)C1=CC2(Cl)C(=C1)PN2O)[SH](O)NPN1ONN[PH]1PC1=CC=C1,0.746381867283022,0.001161100985839214,2.7167221597346192e-11,0.08410972800088076
MolFinder-MLP,FON1PPC2=CC(C(F)[S](Br)[SH](OP)N3NPN[PH]3C3=CC=C3)=CC21Cl,0.7338986759098247,0.08625885798630106,6.842795427508541e-12,0.13313970897490163
MolFinder-MLP,N=S(P)[SH]=C(F)C1=CC2(Cl)C(=C1)PN2NN(F)PPN1ONN[PH]1C1=CC=C1,0.8180748325363799,0.04397009378182526,3.820556067693493e-13,0.10544257481294958
MolFinder-MLP,N=S(CN1ONN[PH]1C1=CC=C1)N1PC2=CC(C(F)=[SH][SH](P)[SH]S)=CC21Cl,0.8538302927809699,0.1948413178728643,4.1500246901826437e-16,0.14124308810085454
MolFinder-MLP,N=S(N1PPC2=CC(C(F)=[SH][S](F)F)=CC21Cl)[SH](P)N1ONN[PH]1C1=CC=C1,0.6743807105666982,0.2092236610995606,2.387236153927105e-15,0.145585538925575
MolFinder-MLP,N=S(NPN1ONN[PH]1C1=CC=C1)[SH](P)N1PC2=CC(C(F)=[SH][S](F)F)=CC21Cl,0.5273775334192141,0.0910419380625831,5.231659018761075e-14,0.0924795987156736
MolFinder-MLP,N=S(P)[SH]=C(F)C1=CC2(Cl)C(=C1)P[N+]2S(=N)CPN1ONN[PH]1C1=CC=C1,0.897393806768359,0.11984459379080037,7.360431708569593e-11,0.17202249775780512
MolFinder-MLP,FC(=[SH][S](P)[SH](CP)N1ONN[PH]1C1=CC=C1)C1=CC2(Cl)NPPC2=C1,1.0,0.10191922879929072,1.620095377297126e-11,0.1305137750436363
MolFinder-MLP,N=S(Cl)[SH]=C(F)C1=CC2(Cl)C(=C1)P[N+]2(OPSN1ONN[PH]1C1=CC=C1)PCl,1.0,0.02142227284302911,6.29282448372237e-09,0.19697268387970324
MolFinder-MLP,N=S([SH]=C(F)C1=CC2(Cl)C(=C1)PN2OF)[SH](O)CPN1ONN[PH]1POC1=CC=C1,0.7677647111201815,0.15055478902171737,9.700692474033158e-16,0.0
MolFinder-MLP,N=S([SH][SH](PF)N1ONN[PH]1C1=CC=C1)[SH]=C(F)C1=CC2(Cl)C(=C1)PN2OF,0.948254466702861,0.08585079924172279,4.561972761357724e-12,0.0853264009709072
MolFinder-MLP,FON1PPC2=CC(C(F)=[SH][SH](P)[SH][S](OCl)N3ONN[PH]3C3=CC=C3)=CC21Cl,0.5384188170873787,0.13950763064640936,7.981341587257832e-15,0.09603975845354472
MolFinder-MLP,N=[PH](N1PC2=CC(C(F)=[SH][S](F)F)=CC21Cl)[SH](CF)[SH]1(CP)NN[PH]1C1=CC=C1,0.9234424576734092,0.06334965017880911,1.2524593382269404e-15,0.1310914065542023
MolFinder-MLP,BN(PN1ONN[PH]1PC1=CC=C1)[SH](O)N1PSC2=CC(C(F)=[SH][S](F)F)=CC21Cl,0.8156713787965452,0.00177115157725094,5.124157608643598e-12,0.10167380964959911
MolFinder-MLP,CP[SH](NPN1ONN[PH]1C1=CC=C1)N1PC2=CC(C(F)=[SH]S(=N)F)=CC21Cl,0.9456090447035188,0.010475289914791741,5.420295288993682e-13,0.11353626306352138
MolFinder-MLP,O[SH](SNPN1ONN[PH]1C1=CC=C1)[SH](O)N1PC2=CC(C(F)=[SH][S](F)F)=CC21Cl,0.6122078173292334,0.08767875702715155,4.706875080667805e-12,0.13822556371349373
MolFinder-MLP,N=S(P)[SH]=C(F)C1=CC2(Cl)C(=C1)P[N+]2(OOO)PPN1ONN[PH]1C1=CC=C1,0.6822197302651968,0.10105729441462863,7.599304865935075e-12,0.15302701886168216
MolFinder-MLP,NO[S](ON(F)N1ONN[PH]1C1=CC=C1)S[SH](F)SNNP1PN[PH]1OO,0.7598977647781248,0.18029351829731066,8.097225112635442e-09,0.26395618275606586
MolFinder-MLP,C=[SH][PH]1NN[SH]1(CO)[SH](O)N1PC2=CC(C(F)=[SH][S](F)F)=CC21Cl,1.0,0.12860511334777547,1.166128186014248e-06,0.282269709913631
MolFinder-MLP,C[SH]1([SH](NP)[SH](O)N2PC3=CC(C(F)=[SH][S](F)F)=CC32Cl)NN[PH]1C1=CC=C1,0.8182313857209326,0.056923306273541474,9.545612997957642e-13,0.13515005246446352
MolFinder-MLP,C=S(N1PPC2=CC(C(F)=[SH][S](F)F)=CC21Cl)[SH](F)[SH]1(C)NN[PH]1C1=CC=C1,1.0,0.18235584105761138,5.435327752115193e-13,0.18317918251254497
MolFinder-MLP,N=S([SH]=C(F)C1=CC2(Cl)C(=C1)PPN2SF)[SH](P)N1ONN[PH]1C1=CC=C1,0.7946790096052045,0.1186482640347224,1.7226954238114267e-11,0.10623321812715653
MolFinder-MLP,CS(=N)[SH]=C(F)C1=CC2(Cl)C(=C1)PN2[SH](O)S(=N)NPN1ONN[PH]1C1=CC=C1,0.8368642742556651,0.033247482197003464,2.9014673151063486e-14,0.12978622969653528
MolFinder-MLP,N=S(N1PPC2=CC(C(F)=[SH][S](F)F)=CC21Cl)[SH](NO)[SH]1(N)NN[PH]1C1=CC=C1,0.8243856211031796,0.004216322325150124,3.4219980720725596e-15,0.16844316334445011
MolFinder-MLP,N=S(O)[SH]=C(F)C1=CC2(Cl)C(=C1)PN2[SH](CPN1ONN[PH]1C1=CC=C1)[SH]=S,0.900802631656663,0.0013406028608589082,8.982807275521431e-15,0.1218747560705731
MolFinder-MLP,N=S(N1PPC2=CC(C(F)=[SH][S](F)F)=CC21Cl)[SH](O)[SH]1(NN)NN[PH]1C1=CC=C1,1.0,0.0722931352352214,3.7471755557707024e-16,0.16875223748264173
MolFinder-MLP,O[SH](N1PC2=CC(C(F)=[SH][S](F)F)=CC21Cl)[SH](S)NPN1ONN[PH]1C1=CC=C1,1.0,0.09423535555275175,5.2486556767483705e-12,0.12698204537513944
MolFinder-MLP,C[SH](N1ONN[PH]1C1=CC=C1)S([SH]=C(F)C1=CC2(Cl)C(=C1)PPN2OF)=[SH]F,1.0,0.07403859865189921,9.501005884815504e-12,0.15660222972780138
MolFinder-MLP,N=S(PN1ONN[PH]1C1=CC=C1)[SH]=C(F)C1=CC2(Cl)C(=C1)PPN2POF,0.9116513300902461,0.07106426133326038,1.1080874173959033e-13,0.11416463295690547
MolFinder-MLP,O[SH]([C]1C=C1)=C1P=[SH]1(Cl)S(=P)N1PC2=CC(C(F)=[SH][S](F)F)=CC21Cl,0.24394886440373853,0.3991289254336572,1.5084827484357355e-11,0.20802464935700102
MolFinder-MLP,N=S(N1ONN[PH]1C1=CC=C1)[N+]1PC2=CC(C(F)=[SH][SH](P)[SH]N)=CC21Cl,1.0,0.06137515126592952,3.259659431265049e-09,0.20260729678889583
MolFinder-MLP,O[SH](SCPN1ONN[PH]1C1=CC=C1)[SH](O)N1PC2=CC(C(F)=[SH][S](F)F)=CC21Cl,0.7071328438169702,0.07785286425345483,3.696479233816774e-11,0.12534987813974188
MolFinder-MLP,FC(=[SH][S](F)F)C1=CC2(Cl)C(=C1)PN2S[SH][SH][SH]P1SNN[PH]1C1=CC=C1,0.8685172825147036,0.1689735220940789,2.460721848507319e-09,0.2258322281617652
MolFinder-MLP,OOOOOO[SH](NP=CON(F)N1ONN[PH]1C1=CC=C1)NP1PN[PH]1OO,0.23248585950009615,0.1295173181663416,3.062489064425966e-12,0.21099106439024573
MolFinder-MLP,NC[SH][SH](P)[SH]=C(F)C1=CC2(Cl)C(=C1)P[N+]2[S](N)PN1ONN[PH]1C1=CC=C1,0.7912466746886097,0.12325879435927423,1.18424237430248e-12,0.15425832494514297
MolFinder-MLP,N=S(O)[SH]=C(F)C1=CC2(Cl)C(=C1)PO[N+]2PPN(O)PN1ONN[PH]1C1=CC=C1,0.9598173969461992,0.0657262910491041,6.988649567905847e-13,0.17963917471234786
MolFinder-MLP,N=S([SH]N(S)PPN1SN[PH]1C1=CC=C1)[SH]=C(F)C1=CC2(Cl)C(=C1)PN2OF,0.8080534174465585,0.12808115375771711,2.990800662683313e-11,0.11488238222488317
MolFinder-MLP,N=[S](=N)[SH]=C(F)C1=CC2(Cl)C(=C1)P[N+]2OPPN1ONN[PH]1PC1=CC=C1,0.7733815110874318,0.04061617596433176,1.1539876693111849e-10,0.20131935261620867
MolFinder-MLP,C[SH](N1PC2=CC(C(F)=[SH]S(=N)CO)=CC21Cl)S(=N)NPN1ONN[PH]1C1=CC=C1,0.8466969520357736,0.031024994978052778,1.4360064015783822e-15,0.1271010915045458
MolFinder-MLP,C=S(N1PC2=CC(C(F)=[SH][S](F)F)=CC21Cl)[SH](F)ON(F)N1ONPN[PH]1C1=CC=C1,1.0,0.028551732161649523,2.877818968370638e-13,0.1568177871630288
MolFinder-RF,OOOO[S](NF)ON(O)N1ON[PH]1N(O)PN1ONN[PH]1PN1O[PH]1C1=CC=C1,0.9717264885565111,0.0008809422560336344,1.4749889677700969e-12,0.3427662228229687
MolFinder-RF,OOOO[S](NPF)ON(O)N1ON[PH]1N(O)PN1NPN[PH]1PC1=CC=C1,0.9927817939085732,2.8230286035491048e-05,1.0402914973894896e-08,0.24221241723056072
MolFinder-RF,OOO[S](NF)ON(O)N1ON[PH]1N(O)PN1NPPN[PH]1PC1=CC=C1,0.7981561130765695,0.030180585614970612,1.3041943913716378e-10,0.2699445106555662
MolFinder-RF,OOO[S](NF)ON(O)N1ON[PH]1N(O)PN1ONN[PH]1PNN1ONN[PH]1C1=CC=C1,0.7875103958458298,0.017046448277953985,2.002119071930781e-15,0.34614193266296284
MolFinder-RF,OOOOOO[SH](N=CON(F)N1ONN[PH]1C1=CC=C1)OP1PPN[PH]1OF,0.9891833926261099,0.18032653822728495,9.581886672993534e-11,0.20246259490847077
MolFinder-RF,OOOOO[SH](NP1PPN[PH]1OO)N[S](OO)ON(F)N1ONN[PH]1C1=CC=C1,0.6822888246320042,0.22343682886102312,2.2578531115868827e-06,0.274416196433536
MolFinder-RF,NO[PH]1NPPP1N[SH](ON=CON(F)N1ONN[PH]1C1=CC=C1)OOOOO,1.0,0.2030575756232853,2.5543913650949435e-09,0.22481342969960896
MolFinder-RF,NOO[S](NNP1PN[PH]1OO)OPS[S](ON)ON(F)N1ONN[PH]1C1=CC=C1,0.9764051926772388,0.1810514336970106,3.0764522873649724e-12,0.2245976466614629
MolFinder-RF,ON(O[S](N[SH][SH](PSF)SP)OOPOSF)N1ONN[PH]1C1=CC=C1,1.0,0.22570232073446217,1.8217008847590257e-13,0.2227736500334416
MolFinder-RF,ON(O[S](N[SH][SH](PSF)SP)OONPF)N1ONN[PH]1C1=CC=C1,1.0,0.16012769613178746,1.631578205874007e-11,0.2065600828709185
MolFinder-RF,NO[S](ON(F)N1ONN[PH]1C1=CC=C1)SN[S](OO)OP1PPN[PH]1OO,0.8610937581799374,0.16330736784186595,4.7237228018026656e-11,0.2883270431721959
MolFinder-RF,NO[S](ON(F)N1ONN[PH]1C1=CC=C1)SONN[S](OO)OP1PPN[PH]1OO,1.0,0.141845814883385,2.0907178766016443e-10,0.252001286257937
MolFinder-RF,ON(O[S](N[SH][SH](PSF)SP)OOOPSCl)N1ONN[PH]1C1=CC=C1,0.9724980534474699,0.2544153048031772,1.2185590806800678e-13,0.19865736061632666
MolFinder-RF,NO[S](ON(F)N1ONN[PH]1C1=CC=C1)SPO[S](ON)N1NPP[PH]1OO,0.7922383368382783,0.19465339622211886,1.9926980204809652e-11,0.28641423754812323
MolFinder-RF,NO[S](ON(F)N1ONN[PH]1C1=CC=C1)SNONO[SH](NP1PN[PH]1OO)OOO,0.6604731428834936,0.1702146835413041,6.400064506140167e-11,0.21467430824408162
MolFinder-RF,OOO[S](N[SH]SP1PPN[PH]1OO)ON(F)N1ONN[PH]1C1=CC=C1,0.719178674422552,0.20619452851691555,3.92122556647223e-10,0.2960882050159428
MolFinder-RF,ON(O[S](N[SH][SH](CP)PF)OONPP)N1ONN[PH]1C1=CC=C1,1.0,0.05995595877553006,8.272984380885973e-11,0.22731936999563565
MolFinder-RF,OOOOOO[SH](NP1PN[PH]1OO)OP=CON(F)N1ONN[PH]1C1=CC=C1,0.23235351473642618,0.2547675743782398,2.0943049378052692e-11,0.21356267480380842
MolFinder-RF,NO[S](ON(F)N1ONN[PH]1C1=CC=C1)SNNO[SH](NNP1PN[PH]1OO)OOO,0.7836772467981837,0.16021032905128374,5.913766004672638e-11,0.2114871309062364
MolFinder-RF,OOOO[SH](NP1PPN[PH]1OO)ONN=CON(F)N1ONN[PH]1C1=CC=C1,0.6969160451698524,0.3027841412336272,2.52265981544042e-05,0.23226329800662338
MolFinder-RF,NO[S](ON(F)N1ONN[PH]1C1=CC=C1)SSNNO[SH](O)NP1PN[PH]1OOO,0.7953204135325186,0.07627052564608916,9.968104466850924e-12,0.19599477796464865
MolFinder-RF,NO[S](ON(F)N1ONN[PH]1C1=CC=C1)SSNNO[SH](NP1PN[PH]1O)OOO,0.7953204135324843,0.09141002711225754,2.009259729082724e-13,0.21291877474699414
MolFinder-RF,NO[S](ON(F)N1ONN[PH]1C1=CC=C1)SSNNO[SH](NP1PN[PH]1OO)OO,0.9222275621637133,0.11294822729935161,5.793001495169037e-12,0.2324632681572382
MolFinder-RF,OOOOOO[S](NP1PPN[PH]1OO)ON[SH]=CON(F)N1ONN[PH]1C1=CC=C1,0.7228761319988977,0.14450703431247902,3.318657154638416e-11,0.24515816588400974
MolFinder-RF,OOOOOO[SH](NP1PN[PH]1OO)ON[SH]=CON(F)N1ONN[PH]1C1=CC=C1,0.9271739913444352,0.13139572708674452,2.834945819762957e-11,0.2387537436848429
MolFinder-RF,NO[S](ON(F)N1ONN[PH]1C1=CC=C1)SONNO[SH](O)NP1PN[PH]1OO,0.9604986710577674,0.17741010774436283,3.7607823105689775e-11,0.22718694835729553
MolFinder-RF,OOO[PH]1NPPP1[SH](F)SN(O)SOOSN(S)N1ONC[PH]1C1=CC=C1,0.7905083330351385,0.12992785805256202,2.1974676300828833e-08,0.22645161675440306
MolFinder-RF,NO[S](ON(F)N1ONN[PH]1C1=CC=C1)SN[SH](NOOCl)NP1PN[PH]1OO,0.9151870033966771,0.19197821709459628,1.7951719277764508e-10,0.21593910492681995
MolFinder-RF,NO[S](ON(F)N1ONN[PH]1C1=CC=C1)SNO[SH](NP1PN[PH]1OO)ON,0.9599247464767108,0.18437337991932923,4.427738453660623e-10,0.2621335613609233
MolFinder-RF,NO[S](ON(F)N1ONN[PH]1C1=CC=C1)S[SH](PO)PP1N[PH]1OOO,1.0,0.027487605461300912,4.634953754134585e-08,0.26941422050149344
MolFinder-RF,NN[SH](NP1PSN[PH]1OO)SS[S](ON)ON(F)N1ONN[PH]1C1=CC=C1,0.8262044737947757,0.12104740214714216,1.5492655769389074e-10,0.2687766178167785
MolFinder-RF,OOON[SH](NP1PPN[PH]1OO)[S](O)ON(F)N1ONN[PH]1C1=CC=C1,1.0,0.24759125100130674,4.06166051902801e-08,0.2614700347525071
MolFinder-RF,NO[S](ON(F)N1ONN[PH]1C1=CC=C1)S[S](NCl)NP1PPN[PH]1OO,1.0,0.22023023059163283,1.368125390754926e-09,0.28026315125947593
MolFinder-RF,NO[S](ON(F)N1ONN[PH]1C1=CC=C1)SN[SH](NNP1PN[PH]1OO)ON,1.0,0.19164172032447535,2.18960377607047e-10,0.2641558273112376
MolFinder-RF,OO[PH]1NPPP1SS[S](OBr)ON(F)N1ONN[PH]1C1=CC=C1,1.0,0.18302208096446537,2.9655641831105584e-10,0.29664565286637135
MolFinder-RF,NO[S](ON(F)N1ONN[PH]1C1=CC=C1)SNON[SH](F)N1PP[PH]1OO,1.0,0.15688440235897194,9.568553588357176e-11,0.28324560129264104
MolFinder-RF,OOON(SOOSN(S)N1ON[PH]1C1=CC=C1)S[SH](F)P1PPN[PH]1OO,0.7672563482313038,0.2724248785344475,1.2397280424458756e-10,0.26219812819749316
MolFinder-RF,OO[PH]1NPPP1[SH](F)SN(O)SOOSN(S)N1ONN[PH]1C1=CC=C1,0.5769035740267647,0.2911203957028816,3.375250356985049e-10,0.25536586564206126
MolFinder-RF,OO[PH]1NPPP1SSNO[S](ON(F)N1ONN[PH]1C1=CC=C1)SCl,0.9399040198005375,0.119901363140555,4.692725652510886e-10,0.26960903739438963
MolFinder-RF,OOOOOON[SH](NN=CON(F)N1ONN[PH]1C1=CC=C1)NNP1PPN[PH]1OO,0.7593911601581154,0.14036152623783993,1.927810977520039e-08,0.21727622338521846
MolFinder-RF,NO[S](ON(F)N1ONN[PH]1C1=CC=C1)SNONN[SH](NP1PN[PH]1OO)OOO,0.7836772467981837,0.11744214968119815,4.33733639282341e-11,0.21179409701670396
MolFinder-RF,CO[S](ON(F)N1ONN[PH]1C1=CC=C1)[SH](N)NP1PPN[PH]1OO,0.997230587759528,0.3358520790892032,1.8618567310113576e-06,0.29680709913156156
MolFinder-RF,OOOOO[SH](N=CON(F)N1ONN[PH]1C1=CC=C1)NP1PPN[PH]1OO,0.834194606720809,0.24994498317283265,5.095342658023583e-06,0.24294424152043725
MolFinder-RF,CO[S](ON(F)N1ONN[PH]1C1=CC=C1)S[SH](F)P1PPN[PH]1OO,0.6942707934177502,0.33770255552637674,1.0415025286647506e-08,0.30626053433756356
MolFinder-RF,OOONS(=CON(F)N1ONN[PH]1C1=CC=C1)OOP1PPN[PH]1OO,0.745735809831477,0.1437188727878982,2.672817045815124e-12,0.2652709848555169
MolFinder-RF,NO[S](ON(F)N1ONN[PH]1C1=CC=C1)SNON[SH](NOOO)NP1PN[PH]1OO,0.8048975502812367,0.1889065481011334,5.183214534659753e-12,0.21420911558921668
MolFinder-RF,OOO[SH](NN=CON(F)N1ON[PH]1C1=CC=C1)NP1PPN[PH]1OO,0.9976776956038378,0.22972478206317115,1.3131150353729026e-06,0.2923729764238434
MolFinder-RF,NO[S](ON(F)N1ONN[PH]1C1=CC=C1)SN[SH](O)NP1PSN[PH]1OOO,1.0,0.01991706384933911,1.6787217449465428e-10,0.22338043891043569
MolFinder-RF,NO[S](ON(F)N1ON[PH]1C1=CC=C1)SNON[SH](NOOO)NP1PN[PH]1OF,1.0,0.12955598244388788,3.963056879191518e-12,0.20448453130746128
MolFinder-RF,NO[S](ON(F)N1ON[PH]1C1=CC=C1)SNON[SH](NP1PN[PH]1OO)ON,1.0,0.16101306112346103,2.3756615164655104e-12,0.26616700852323105
ReLeaSE-MLP,O=CC(=O)CCC(F)(F)F,0.7910971131044301,0.6264515796098048,0.9996830224990844,0.6983641279672506
ReLeaSE-MLP,NC(=O)N1CC1,0.8971902809596572,0.7736697355535518,1.0,0.7258089126622194
ReLeaSE-MLP,O=C1NC(O)CCCO1,0.7208916237958642,0.8214039749149809,0.9999995231628418,0.551814180843305
ReLeaSE-MLP,CS(=O)(=O)N1CCOCS1,0.6862977056970226,0.6161195214602705,0.9999887943267822,0.5833195544085372
ReLeaSE-MLP,O=C[SH]1(=O)BC=CC=C1CCCC1CO1,0.49919353691719404,0.5178255625843631,0.9811140894889832,0.5527958889855175
ReLeaSE-MLP,N#CC1=CC=C(S(=O)(=O)NO)CC1,0.6969243257010951,0.6473691205461953,0.1163248568773269,0.5751674153230091
ReLeaSE-MLP,CC1C(=O)C(=O)N1CC=O,0.6990034569667762,0.638520818922819,0.9994366765022278,0.5784161198168384
ReLeaSE-MLP,CN1CCNC1,0.7436580939309996,0.7908343456222289,1.0,0.584103658909338
ReLeaSE-MLP,O=CSNN1C=Cc2ccccc2C1,0.7029452257298501,0.5572043422505067,0.9978566765785216,0.5125641426296396
ReLeaSE-MLP,O=CC(CO)NCC1=NCC=CC(F)=C1,0.6179125845362416,0.38473271484176685,0.0028126339893788,0.3978711723377625
ReLeaSE-MLP,CN(C)C(=O)Oc1ccco1,0.8054579113515898,0.7618612441270579,0.9999974966049194,0.7566567521946809
ReLeaSE-MLP,O=C1CCCc2ccccc21,0.924124962633641,0.8482089814525403,1.0,0.8047419449953985
ReLeaSE-MLP,N#Cc1cccc(F)c1F,0.8851324635317805,0.8912362648005665,1.0,0.7591255843194563
ReLeaSE-MLP,CC1=NN=C2OCCCCC1CCCSCS2,0.5184402393779105,0.35635323357347704,0.978512406349182,0.5309063245722488
ReLeaSE-MLP,CN(CCO)CNC1=CC=C2CC(CCC1)C2,0.5843080079415999,0.33783749790190076,0.0771260410547256,0.4852020195639918
ReLeaSE-MLP,COCCOC,0.9266628450622214,0.9429684315933091,0.9999996423721312,0.725332112719355
ReLeaSE-MLP,COC(C)C,0.8970360072515648,0.9276457258227144,0.9999994039535522,0.70834445405383
ReLeaSE-MLP,NC(=O)N1C(=O)NCCCCCN1NCCCN1CCOCC1,0.7241098471820305,0.36951215145401795,0.9862595796585084,0.753660899277587
ReLeaSE-MLP,CC(=O)CN(C)C,0.8465109036592149,0.8575175614658065,1.0,0.7186124135518711
ReLeaSE-MLP,CNC(=O)CO[O+]BP,0.5114535981548385,0.7087650586022174,0.999997615814209,0.7059532281986083
ReLeaSE-MLP,CCCCN(C)C,0.9309563536340766,0.8593869980954052,1.0,0.7301172945565333
ReLeaSE-MLP,COC(=O)N(C)C,0.8610701796773144,0.8733197695652699,0.9999990463256836,0.7349748554601462
ReLeaSE-MLP,O=C1CC(F)O1,0.6954369482934037,0.744450665837392,0.9998382329940796,0.5775786894835747
ReLeaSE-MLP,COC1=CC=CC=C(C)CCCN1C1CCCCNCCCC1,0.728694716541527,0.3755580794820501,0.2542472779750824,0.39615146675768587
ReLeaSE-MLP,CCCN1CCCC1,0.9364877774938088,0.7676810634036568,1.0,0.7371196015277597
ReLeaSE-MLP,NC(=O)CCC(F)(F)F,0.8576899727791338,0.7033576500662198,0.9999998807907104,0.7467179367505871
ReLeaSE-MLP,NCC(=O)CC=O,0.7455281485058716,0.6962987306954369,1.0,0.605895710521473
ReLeaSE-MLP,CN1CC(=O)CCCSCN1,0.6407298392312419,0.47586861393943525,0.9707558155059814,0.5516671988313452
ReLeaSE-MLP,COC(=O)N1C[SH]=[SH]1,0.5175728228832018,0.7456442442971357,1.0,0.7003519902046893
ReLeaSE-MLP,COC1C=CC=CNC1=O,0.6803296192660155,0.7427478373549601,0.2610649466514587,0.4099573250852756
ReLeaSE-MLP,CCC(=O)COC,0.8578683194460426,0.7969601978529965,0.9999998807907104,0.7224206347492044
ReLeaSE-MLP,O=C1CNC(=O)NCBC(CNCCCCO)=N1,0.623352343983212,0.3414978164282494,0.832080602645874,0.6136846378342958
ReLeaSE-MLP,CC(C)(C)C(=O)N1CCC1,0.8987266515659685,0.75209594869232,0.999998927116394,0.7759669759199592
ReLeaSE-MLP,[O-][NH+]1CCCC1,0.4333024378224024,0.8834437381815194,1.0,0.6800894273659579
ReLeaSE-MLP,COCCOC(=O)c1cccc(C)c1,0.9362278639171786,0.7488489879607679,0.9999923706054688,0.9742685866370457
ReLeaSE-MLP,CC(C)=O,0.9272297042386004,0.9704142305853598,1.0,0.709326758815232
ReLeaSE-MLP,COC(=O)CNC1=CC=C(C)C(=O)C1CCCCC1CCNNC1,0.6373341359346352,0.28929414956839605,0.4129141867160797,0.45354971193498816
ReLeaSE-MLP,COC(=O)CNN1CCCCn2[nH]c(c2Cl)COCN1,0.5386602208309081,0.32820337869287175,0.0383534505963325,0.6041248606790356
ReLeaSE-MLP,CC(=O)C(C)C,0.9076992355947657,0.8983095927618061,0.9999998807907104,0.7219380621891212
ReLeaSE-MLP,O=C1CSc2ccc(Br)cc2C1,0.8046498315378923,0.6988133140634915,1.0,0.6649199015197038
ReLeaSE-MLP,O=C1CCCCCNC1=O,0.8407419262912433,0.6535254805187568,1.0,0.598506222768658
ReLeaSE-MLP,CN1CNC(=O)C(=O)O1,0.6818370590262202,0.6040772947025227,0.9996790885925292,0.5362330173932855
ReLeaSE-MLP,CCN1OC1=O,0.7184989989083752,0.7491596244210026,0.9999996423721312,0.6232974266285488
ReLeaSE-MLP,O=[B-]CNNN1CCC1,0.5763337769749382,0.655924077713701,0.99977308511734,0.677188635542971
ReLeaSE-MLP,O=C(O)N1C=CN(Br)CCCNCCC1,0.6721455515692087,0.5456753667993316,0.7038216590881348,0.5120592875732352
ReLeaSE-MLP,O=C1CCB[N+]OCC1=O,0.5155248933242103,0.7339057744393798,0.9998799562454224,0.6711934016661539
ReLeaSE-MLP,COC(=O)C1CCO1,0.8174106990081571,0.8940925663765471,0.9999133348464966,0.719422725245425
ReLeaSE-MLP,O=C1NCPCCCCS1,0.5132587483908444,0.5891170400791139,1.0,0.3908584194864864
ReLeaSE-MLP,CN1CC(=O)NCCC1=O,0.8207147997141168,0.6335911897336166,0.9999996423721312,0.5596763999314817
ReLeaSE-RF,C[SH](C)(=O)F,0.4434691541047119,0.9224508898637299,1.0,0.621156451375497
ReLeaSE-RF,CC1(C)CC1,0.9161632799788375,0.7602094406802222,1.0,0.6898082451710886
ReLeaSE-RF,CC1(CC(F)(F)F)N=NC(N)O1,0.564664485971621,0.7218160135116504,0.6239914894104004,0.5768121228387989
ReLeaSE-RF,CCOOCC1=CCCC(=O)N1CO,0.7244191854161924,0.6364129437877963,0.4919656217098236,0.5457010345056889
ReLeaSE-RF,CCNC(=O)CCCC(=O)c1ccc(F)cc1Cl,0.8970455910767748,0.6178190516802009,0.9999986886978148,1.0
ReLeaSE-RF,CCCC(=O)Sc1ncc(O)nn1,0.7475015662383355,0.6457347404794411,0.9909274578094482,0.715230789499019
ReLeaSE-RF,CCCCCC(C)O,0.8615769993744576,0.7961461791032872,0.999958634376526,0.7342870106356689
ReLeaSE-RF,NC(=O)C(N)=O,0.868340655713109,0.7977572047496024,1.0,0.699561788106525
ReLeaSE-RF,CCCC,0.9326974392813356,0.9193194573841521,1.0,0.7039271957283582
ReLeaSE-RF,O=CC(=O)C1CC1O,0.6741492232560011,0.8695325774335365,0.9997603297233582,0.609574036875763
ReLeaSE-RF,CCCNCCCC1CCONC1,0.7279513824699679,0.3045780503112835,0.9987595081329346,0.5078156449386882
ReLeaSE-RF,Cc1ccc(S(C(=O)O)=S(=O)(O)C(C)C)c(C)c1,0.680914302554618,0.6251158224679566,0.890311062335968,0.7655827145396719
ReLeaSE-RF,CCCCC1COCCCN(C=O)C1,0.7538587817440217,0.4480704449437267,0.9998210072517396,0.6223405313054767
ReLeaSE-RF,CCCCSC1=NN(C)CCCCCCCC2=CC(=C1)NN=CN(CC)CCC2=O,0.5625934501893084,0.09708778032002074,0.0031884051859378,0.4832051548183233
ReLeaSE-RF,CCOC1CC1CCCCC1c2cc(Br)ccc2C2=CN=C(C2)C(=O)C2CCCN1CCCCCC(=O)CSCC[N+]CN2,0.35683472658547555,0.09004789069141461,0.0015775979263707,0.4646683502855527
ReLeaSE-RF,CC(CCC=O)CCCC1C(=O)N1CCOCCCN1CCCCCC1,0.7347420346326368,0.25236279746500945,0.9999923706054688,0.72199861612244
ReLeaSE-RF,CC[SH]1CCCCN(CNC(=O)C(=O)CC(C)(C)C)CN1,0.6035113662780804,0.22447168845681986,0.6631736159324646,0.6579708837884934
ReLeaSE-RF,CCCCCCOCC(=O)N1CCCC1,0.9089441436272333,0.6325147703790963,0.9999992847442628,0.9676690392812266
ReLeaSE-RF,CC1=CC(=[N+]NN2CC3CC=CC(=N3)OCCN(C)CCCN2)C=C1,0.43585430506518996,0.07459483885890306,0.0012773076305165,0.38477568460920475
ReLeaSE-RF,COCCOC(=O)OC,0.8828627000518612,0.8827525351367491,0.9999996423721312,0.7448569791029916
ReLeaSE-RF,CC[SH]1CCC2CCCN2CCCN(CO)CCCN1,0.5833514861294329,0.3305342456459568,0.7483119368553162,0.6008060547312349
ReLeaSE-RF,CNS(=O)(=O)COC(=O)C1=CC=C(C)C(C)=CS1,0.680637388565001,0.3910478083152755,0.0136223537847399,0.5651902252200687
ReLeaSE-RF,O=C1CCNC(=O)OOC1,0.6828375306868477,0.6437150109923242,0.9999256134033204,0.4687774281180765
ReLeaSE-RF,Cn1ncnc([SH]=O)c1=O,0.6419387313380482,0.5118036678660106,1.0,0.6325514938658533
ReLeaSE-RF,CC1=CN=CCN1CC1CC1,0.7265711785145343,0.61046636645088,0.9968737363815308,0.5824034690510373
ReLeaSE-RF,CN1CN2CCCCCCCCCCCC(=O)C(CCC(=O)O1)C2,0.5747770250814626,0.45269976994958305,0.4772839844226837,0.5529824437265234
ReLeaSE-RF,CNC(=O)n1cc(N(C)C)nn1,0.7369711833478472,0.6897902788013399,0.9999998807907104,0.7355191767193745
ReLeaSE-RF,C=C1N=C2N=NCN2CCCNC(=O)ON1C1=CC(O)C1,0.541209507799251,0.3562302951534999,7.137838053949963e-08,0.3318903887472209
ReLeaSE-RF,CC1=NN=CC2=C(F)CCN12,0.6509394167279339,0.5027220006522395,0.8423594832420349,0.5427102191152172
ReLeaSE-RF,CCNC(=O)CCCCN1CCN(C)C=C(Cl)C=N1,0.7419939167733605,0.29229441951270396,0.2584900259971618,0.6773638594979308
ReLeaSE-RF,CC1CCO1,0.8493255650282018,0.9284496142334842,0.9999998807907104,0.6758191414368758
ReLeaSE-RF,CCC1=NN=NC1CCNC1=CC=CC2=COSC(=NC2)C2=CC=CC2=C1,0.40815168860896145,0.24067632097856873,1.4583431684478398e-10,0.10388556264539268
ReLeaSE-RF,Cc1ccc(F)cc1,0.9944318638422427,0.915297382974189,0.9999998807907104,0.7737018238720047
ReLeaSE-RF,COC(=O)C(C)[SH]1C=CC(CO)C1,0.5198408105517383,0.6816123786605729,0.6771851778030396,0.6486109313664459
ReLeaSE-RF,CN1CCCC(=O)C2=CC=C(C3CCN(C(C)(C)C)C(=O)N3)C(=N1)CCNC=C2,0.5018156147410269,0.24521673099056063,0.0005852489266544,0.27153926789208044
ReLeaSE-RF,CNC(=O)N(C)CCC1CCCOC(=O)NC1C,0.6949757591104846,0.18979174633428242,0.9999992847442628,0.6396550952436972
ReLeaSE-RF,CCCOCCNC(=O)N(O)CCN(C)C(=O)N1CCCC1,0.8087980913200087,0.21203284872847372,0.999569833278656,0.8963960477303599
ReLeaSE-RF,Cc1ccc2n(CCCN3CC(=O)CCN3CC(N)=O)cc(c(C)c1)C=CC=C2,0.5888838386587572,0.05212737576678772,0.6815875172615051,0.5711638184671233
ReLeaSE-RF,CCCOc1cccc(O)c1Cl,0.8982557550261687,0.6584550456632137,0.9999980926513672,0.794570813927656
ReLeaSE-RF,CCc1c2c(O)cc(C(O)O)c1CCC(C1=CC=C3CC3=CC=CC=C(O)C1)=CC=C2,0.5414189182664302,0.29988607389651056,8.934921247316652e-09,0.2885741719447321
ReLeaSE-RF,CCN(C)n1ccsc1=O,0.7124572498565669,0.619964215044487,0.9999938011169434,0.7015953247018951
ReLeaSE-RF,COC1=CC=C2CCCC(CC2)CN(C(=O)C(C)(C)C)C1,0.568479618231716,0.44416304186191713,0.297078788280487,0.454529707489213
ReLeaSE-RF,CCCCNC,0.91047438352376,0.8517228306710851,1.0,0.6637601413528857
ReLeaSE-RF,COC1=CC(CC(=O)NC(=O)OCCCCC2CCCN(C(=O)CN)O2)=C1,0.6962950989243937,0.26093874955049423,0.1466923952102661,0.5982106514904433
ReLeaSE-RF,CCC(C)OC,0.7953897688062244,0.8607571783091645,0.9999986886978148,0.7092305326902254
ReLeaSE-RF,CCCCOC,0.9464416912160676,0.8598796512259084,0.9999997615814208,0.7487362981004224
